X	Y	eta_m
-975.000000	-1975.000000	0.100000
-975.000000	-1925.000000	0.100000
-975.000000	-1875.000000	0.091823
-975.000000	-1825.000000	0.101906
-975.000000	-1775.000000	0.098858
-975.000000	-1725.000000	0.100000
-975.000000	-1675.000000	0.098230
-975.000000	-1625.000000	0.100000
-975.000000	-1575.000000	0.100000
-975.000000	-1525.000000	0.100000
-975.000000	-1475.000000	0.100000
-975.000000	-1425.000000	0.100512
-975.000000	-1375.000000	0.100000
-975.000000	-1325.000000	0.098932
-975.000000	-1275.000000	0.100000
-975.000000	-1225.000000	0.100000
-975.000000	-1175.000000	0.100000
-975.000000	-1125.000000	0.105522
-975.000000	-1075.000000	0.099250
-975.000000	-1025.000000	0.100000
-975.000000	-975.000000	0.098735
-975.000000	-925.000000	0.100000
-975.000000	-875.000000	0.100000
-975.000000	-825.000000	0.100000
-975.000000	-775.000000	0.100000
-975.000000	-725.000000	0.100000
-975.000000	-675.000000	0.100000
-975.000000	-625.000000	0.100000
-975.000000	-575.000000	0.100000
-975.000000	-525.000000	0.100000
-975.000000	-475.000000	0.100000
-975.000000	-425.000000	0.092600
-975.000000	-375.000000	0.100000
-975.000000	-325.000000	0.098245
-975.000000	-275.000000	0.058885
-975.000000	-225.000000	-0.016863
-975.000000	-175.000000	0.055551
-975.000000	-125.000000	-0.002680
-975.000000	-75.000000	-0.058946
-975.000000	875.000000	-2.901951
-975.000000	925.000000	-0.878119
-975.000000	975.000000	-0.058326
-975.000000	1025.000000	0.100000
-975.000000	1075.000000	0.100000
-975.000000	1125.000000	0.100000
-975.000000	1175.000000	0.100000
-975.000000	1225.000000	0.100000
-975.000000	1275.000000	0.100000
-975.000000	1325.000000	0.100000
-975.000000	1375.000000	0.100000
-975.000000	1425.000000	0.100000
-975.000000	1475.000000	0.100000
-975.000000	1525.000000	0.100000
-975.000000	1575.000000	0.100000
-975.000000	1625.000000	0.100000
-975.000000	1675.000000	0.100000
-975.000000	1725.000000	0.100000
-975.000000	1775.000000	0.100000
-975.000000	1825.000000	0.100000
-975.000000	1875.000000	0.100000
-975.000000	1925.000000	0.100000
-975.000000	1975.000000	0.100596
-925.000000	-1975.000000	0.097456
-925.000000	-1925.000000	0.084127
-925.000000	-1875.000000	0.085384
-925.000000	-1825.000000	0.100000
-925.000000	-1775.000000	0.097176
-925.000000	-1725.000000	0.100897
-925.000000	-1675.000000	0.100000
-925.000000	-1625.000000	0.098976
-925.000000	-1575.000000	0.100000
-925.000000	-1525.000000	0.105350
-925.000000	-1475.000000	0.100000
-925.000000	-1425.000000	0.100000
-925.000000	-1375.000000	0.098481
-925.000000	-1325.000000	0.100000
-925.000000	-1275.000000	0.100000
-925.000000	-1225.000000	0.100000
-925.000000	-1175.000000	0.100000
-925.000000	-1125.000000	0.114388
-925.000000	-1075.000000	0.100000
-925.000000	-1025.000000	0.100000
-925.000000	-975.000000	0.100000
-925.000000	-925.000000	0.100859
-925.000000	-875.000000	0.100000
-925.000000	-825.000000	0.100000
-925.000000	-775.000000	0.100000
-925.000000	-725.000000	0.100000
-925.000000	-675.000000	0.100000
-925.000000	-625.000000	0.100000
-925.000000	-575.000000	0.095061
-925.000000	-525.000000	0.100000
-925.000000	-475.000000	0.101563
-925.000000	-425.000000	0.100000
-925.000000	-375.000000	0.100000
-925.000000	-325.000000	0.018984
-925.000000	-275.000000	-0.004749
-925.000000	-225.000000	-0.000460
-925.000000	-175.000000	0.036064
-925.000000	-125.000000	-0.373817
-925.000000	-75.000000	-5.000000
-925.000000	825.000000	-5.000000
-925.000000	875.000000	-0.933640
-925.000000	925.000000	-0.154639
-925.000000	975.000000	0.100000
-925.000000	1025.000000	0.100000
-925.000000	1075.000000	0.100000
-925.000000	1125.000000	0.100000
-925.000000	1175.000000	0.100000
-925.000000	1225.000000	0.100000
-925.000000	1275.000000	0.100000
-925.000000	1325.000000	0.100000
-925.000000	1375.000000	0.100000
-925.000000	1425.000000	0.100000
-925.000000	1475.000000	0.100000
-925.000000	1525.000000	0.100000
-925.000000	1575.000000	0.100000
-925.000000	1625.000000	0.100000
-925.000000	1675.000000	0.100000
-925.000000	1725.000000	0.100000
-925.000000	1775.000000	0.100000
-925.000000	1825.000000	0.102971
-925.000000	1875.000000	0.113776
-925.000000	1925.000000	0.132975
-925.000000	1975.000000	0.132422
-875.000000	-1975.000000	0.100000
-875.000000	-1925.000000	0.100000
-875.000000	-1875.000000	0.098451
-875.000000	-1825.000000	0.100000
-875.000000	-1775.000000	0.102934
-875.000000	-1725.000000	0.100000
-875.000000	-1675.000000	0.097510
-875.000000	-1625.000000	0.100922
-875.000000	-1575.000000	0.100000
-875.000000	-1525.000000	0.103347
-875.000000	-1475.000000	0.107597
-875.000000	-1425.000000	0.102425
-875.000000	-1375.000000	0.100000
-875.000000	-1325.000000	0.100000
-875.000000	-1275.000000	0.100000
-875.000000	-1225.000000	0.100000
-875.000000	-1175.000000	0.101673
-875.000000	-1125.000000	0.109961
-875.000000	-1075.000000	0.100000
-875.000000	-1025.000000	0.100561
-875.000000	-975.000000	0.100000
-875.000000	-925.000000	0.100000
-875.000000	-875.000000	0.100000
-875.000000	-825.000000	0.100632
-875.000000	-775.000000	0.100000
-875.000000	-725.000000	0.100000
-875.000000	-675.000000	0.100663
-875.000000	-625.000000	0.100000
-875.000000	-575.000000	0.101833
-875.000000	-525.000000	0.100000
-875.000000	-475.000000	0.100000
-875.000000	-425.000000	0.104330
-875.000000	-375.000000	0.100000
-875.000000	-325.000000	0.095738
-875.000000	-275.000000	0.096732
-875.000000	-225.000000	0.103651
-875.000000	-175.000000	-1.605418
-875.000000	775.000000	-5.000000
-875.000000	825.000000	-1.258781
-875.000000	875.000000	-0.316263
-875.000000	925.000000	0.100000
-875.000000	975.000000	0.100000
-875.000000	1025.000000	0.100000
-875.000000	1075.000000	0.100000
-875.000000	1125.000000	0.100000
-875.000000	1175.000000	0.100000
-875.000000	1225.000000	0.100000
-875.000000	1275.000000	0.100000
-875.000000	1325.000000	0.100000
-875.000000	1375.000000	0.100000
-875.000000	1425.000000	0.100000
-875.000000	1475.000000	0.100000
-875.000000	1525.000000	0.100000
-875.000000	1575.000000	0.100000
-875.000000	1625.000000	0.100000
-875.000000	1675.000000	0.100000
-875.000000	1725.000000	0.116737
-875.000000	1775.000000	0.138862
-875.000000	1825.000000	0.166065
-875.000000	1875.000000	0.196206
-875.000000	1925.000000	0.204059
-875.000000	1975.000000	0.212507
-825.000000	-1975.000000	0.097951
-825.000000	-1925.000000	0.088320
-825.000000	-1875.000000	0.098530
-825.000000	-1825.000000	0.100000
-825.000000	-1775.000000	0.092138
-825.000000	-1725.000000	0.116495
-825.000000	-1675.000000	0.100000
-825.000000	-1625.000000	0.094388
-825.000000	-1575.000000	0.100543
-825.000000	-1525.000000	0.106481
-825.000000	-1475.000000	0.123055
-825.000000	-1425.000000	0.122026
-825.000000	-1375.000000	0.127198
-825.000000	-1325.000000	0.135256
-825.000000	-1275.000000	0.129237
-825.000000	-1225.000000	0.114364
-825.000000	-1175.000000	0.112689
-825.000000	-1125.000000	0.126450
-825.000000	-1075.000000	0.100000
-825.000000	-1025.000000	0.100000
-825.000000	-975.000000	0.100000
-825.000000	-925.000000	0.100000
-825.000000	-875.000000	0.100000
-825.000000	-825.000000	0.100000
-825.000000	-775.000000	0.100698
-825.000000	-725.000000	0.100000
-825.000000	-675.000000	0.100000
-825.000000	-625.000000	0.100000
-825.000000	-575.000000	0.100000
-825.000000	-525.000000	0.100000
-825.000000	-475.000000	0.100000
-825.000000	-425.000000	0.100000
-825.000000	-375.000000	0.046889
-825.000000	-325.000000	0.049983
-825.000000	-275.000000	0.002181
-825.000000	-225.000000	-0.380810
-825.000000	725.000000	-5.000000
-825.000000	775.000000	-1.635071
-825.000000	825.000000	-0.513672
-825.000000	875.000000	0.100000
-825.000000	925.000000	0.100000
-825.000000	975.000000	0.100000
-825.000000	1025.000000	0.100000
-825.000000	1075.000000	0.100000
-825.000000	1125.000000	0.100000
-825.000000	1175.000000	0.100000
-825.000000	1225.000000	0.100000
-825.000000	1275.000000	0.100000
-825.000000	1325.000000	0.100000
-825.000000	1375.000000	0.100000
-825.000000	1425.000000	0.100000
-825.000000	1475.000000	0.100000
-825.000000	1525.000000	0.100000
-825.000000	1575.000000	0.100000
-825.000000	1625.000000	0.117006
-825.000000	1675.000000	0.141022
-825.000000	1725.000000	0.183126
-825.000000	1775.000000	0.218140
-825.000000	1825.000000	0.258073
-825.000000	1875.000000	0.292042
-825.000000	1925.000000	0.310625
-825.000000	1975.000000	0.321077
-775.000000	-1975.000000	0.100000
-775.000000	-1925.000000	0.100000
-775.000000	-1875.000000	0.106670
-775.000000	-1825.000000	0.100000
-775.000000	-1775.000000	0.095498
-775.000000	-1725.000000	0.125253
-775.000000	-1675.000000	0.120278
-775.000000	-1625.000000	0.138495
-775.000000	-1575.000000	0.131423
-775.000000	-1525.000000	0.165824
-775.000000	-1475.000000	0.187349
-775.000000	-1425.000000	0.182125
-775.000000	-1375.000000	0.200880
-775.000000	-1325.000000	0.194419
-775.000000	-1275.000000	0.177884
-775.000000	-1225.000000	0.182613
-775.000000	-1175.000000	0.163598
-775.000000	-1125.000000	0.147042
-775.000000	-1075.000000	0.129537
-775.000000	-1025.000000	0.109007
-775.000000	-975.000000	0.100000
-775.000000	-925.000000	0.102923
-775.000000	-875.000000	0.102099
-775.000000	-825.000000	0.100000
-775.000000	-775.000000	0.100000
-775.000000	-725.000000	0.100000
-775.000000	-675.000000	0.101675
-775.000000	-625.000000	0.100000
-775.000000	-575.000000	0.100000
-775.000000	-525.000000	0.100000
-775.000000	-475.000000	0.106138
-775.000000	-425.000000	0.091382
-775.000000	-375.000000	0.053125
-775.000000	-325.000000	-0.016692
-775.000000	-275.000000	0.001109
-775.000000	725.000000	-5.000000
-775.000000	775.000000	-0.823627
-775.000000	825.000000	-0.067218
-775.000000	875.000000	0.100000
-775.000000	925.000000	0.100000
-775.000000	975.000000	0.100000
-775.000000	1025.000000	0.100000
-775.000000	1075.000000	0.100000
-775.000000	1125.000000	0.100000
-775.000000	1175.000000	0.100000
-775.000000	1225.000000	0.100000
-775.000000	1275.000000	0.100000
-775.000000	1325.000000	0.100000
-775.000000	1375.000000	0.100000
-775.000000	1425.000000	0.100000
-775.000000	1475.000000	0.100000
-775.000000	1525.000000	0.113272
-775.000000	1575.000000	0.143455
-775.000000	1625.000000	0.198426
-775.000000	1675.000000	0.242489
-775.000000	1725.000000	0.316696
-775.000000	1775.000000	0.366334
-775.000000	1825.000000	0.472232
-775.000000	1875.000000	0.479645
-775.000000	1925.000000	0.528038
-775.000000	1975.000000	0.548167
-725.000000	-1975.000000	0.111216
-725.000000	-1925.000000	0.117123
-725.000000	-1875.000000	0.102811
-725.000000	-1825.000000	0.120911
-725.000000	-1775.000000	0.117584
-725.000000	-1725.000000	0.179579
-725.000000	-1675.000000	0.185687
-725.000000	-1625.000000	0.210832
-725.000000	-1575.000000	0.231713
-725.000000	-1525.000000	0.261373
-725.000000	-1475.000000	0.261443
-725.000000	-1425.000000	0.237546
-725.000000	-1375.000000	0.275377
-725.000000	-1325.000000	0.268283
-725.000000	-1275.000000	0.247005
-725.000000	-1225.000000	0.256127
-725.000000	-1175.000000	0.236504
-725.000000	-1125.000000	0.212425
-725.000000	-1075.000000	0.201903
-725.000000	-1025.000000	0.169031
-725.000000	-975.000000	0.140558
-725.000000	-925.000000	0.137925
-725.000000	-875.000000	0.109962
-725.000000	-825.000000	0.100000
-725.000000	-775.000000	0.100000
-725.000000	-725.000000	0.100558
-725.000000	-675.000000	0.100000
-725.000000	-625.000000	0.101000
-725.000000	-575.000000	0.102118
-725.000000	-525.000000	0.100000
-725.000000	-475.000000	0.082143
-725.000000	-425.000000	0.086498
-725.000000	-375.000000	0.003678
-725.000000	-325.000000	-0.528643
-725.000000	-275.000000	-1.725779
-725.000000	725.000000	-5.000000
-725.000000	775.000000	-0.451713
-725.000000	825.000000	0.100000
-725.000000	875.000000	0.100000
-725.000000	925.000000	0.100000
-725.000000	975.000000	0.100000
-725.000000	1025.000000	0.100000
-725.000000	1075.000000	0.100000
-725.000000	1125.000000	0.100000
-725.000000	1175.000000	0.100000
-725.000000	1225.000000	0.100000
-725.000000	1275.000000	0.100000
-725.000000	1325.000000	0.100000
-725.000000	1375.000000	0.100000
-725.000000	1425.000000	0.100000
-725.000000	1475.000000	0.119748
-725.000000	1525.000000	0.182761
-725.000000	1575.000000	0.241232
-725.000000	1625.000000	0.321833
-725.000000	1675.000000	0.381516
-725.000000	1725.000000	0.493221
-725.000000	1775.000000	0.571494
-725.000000	1825.000000	0.705560
-725.000000	1875.000000	0.773469
-725.000000	1925.000000	0.838674
-725.000000	1975.000000	0.867572
-675.000000	-1975.000000	0.150120
-675.000000	-1925.000000	0.155274
-675.000000	-1875.000000	0.167861
-675.000000	-1825.000000	0.189456
-675.000000	-1775.000000	0.238144
-675.000000	-1725.000000	0.263935
-675.000000	-1675.000000	0.243093
-675.000000	-1625.000000	0.302817
-675.000000	-1575.000000	0.322151
-675.000000	-1525.000000	0.328177
-675.000000	-1475.000000	0.340277
-675.000000	-1425.000000	0.358086
-675.000000	-1375.000000	0.342413
-675.000000	-1325.000000	0.359431
-675.000000	-1275.000000	0.365217
-675.000000	-1225.000000	0.334348
-675.000000	-1175.000000	0.324100
-675.000000	-1125.000000	0.313069
-675.000000	-1075.000000	0.288630
-675.000000	-1025.000000	0.271980
-675.000000	-975.000000	0.221391
-675.000000	-925.000000	0.189306
-675.000000	-875.000000	0.157302
-675.000000	-825.000000	0.105190
-675.000000	-775.000000	0.100541
-675.000000	-725.000000	0.100000
-675.000000	-675.000000	0.100000
-675.000000	-625.000000	0.100000
-675.000000	-575.000000	0.100000
-675.000000	-525.000000	0.100000
-675.000000	-475.000000	0.051785
-675.000000	-425.000000	0.101084
-675.000000	-375.000000	-0.030496
-675.000000	-325.000000	-1.511115
-675.000000	725.000000	-5.000000
-675.000000	775.000000	-0.162786
-675.000000	825.000000	0.100000
-675.000000	875.000000	0.100000
-675.000000	925.000000	0.100000
-675.000000	975.000000	0.100000
-675.000000	1025.000000	0.100000
-675.000000	1075.000000	0.100000
-675.000000	1125.000000	0.100000
-675.000000	1175.000000	0.100000
-675.000000	1225.000000	0.100000
-675.000000	1275.000000	0.100000
-675.000000	1325.000000	0.100000
-675.000000	1375.000000	0.100000
-675.000000	1425.000000	0.141862
-675.000000	1475.000000	0.205524
-675.000000	1525.000000	0.317082
-675.000000	1575.000000	0.397873
-675.000000	1625.000000	0.544280
-675.000000	1675.000000	0.658699
-675.000000	1725.000000	0.899685
-675.000000	1775.000000	1.152859
-675.000000	1825.000000	1.276205
-675.000000	1875.000000	1.399374
-675.000000	1925.000000	1.593466
-675.000000	1975.000000	1.711065
-625.000000	-1975.000000	0.214082
-625.000000	-1925.000000	0.234362
-625.000000	-1875.000000	0.265367
-625.000000	-1825.000000	0.333256
-625.000000	-1775.000000	0.340840
-625.000000	-1725.000000	0.385883
-625.000000	-1675.000000	0.384232
-625.000000	-1625.000000	0.412511
-625.000000	-1575.000000	0.452155
-625.000000	-1525.000000	0.453312
-625.000000	-1475.000000	0.452443
-625.000000	-1425.000000	0.467068
-625.000000	-1375.000000	0.473795
-625.000000	-1325.000000	0.501707
-625.000000	-1275.000000	0.492424
-625.000000	-1225.000000	0.450166
-625.000000	-1175.000000	0.422059
-625.000000	-1125.000000	0.408411
-625.000000	-1075.000000	0.373710
-625.000000	-1025.000000	0.349102
-625.000000	-975.000000	0.303340
-625.000000	-925.000000	0.273631
-625.000000	-875.000000	0.231299
-625.000000	-825.000000	0.172824
-625.000000	-775.000000	0.111123
-625.000000	-725.000000	0.100000
-625.000000	-675.000000	0.100000
-625.000000	-625.000000	0.095385
-625.000000	-575.000000	0.100000
-625.000000	-525.000000	0.160344
-625.000000	-475.000000	0.131636
-625.000000	-425.000000	0.034728
-625.000000	-375.000000	0.078340
-625.000000	-325.000000	-4.711423
-625.000000	725.000000	-5.000000
-625.000000	775.000000	-0.097264
-625.000000	825.000000	0.100000
-625.000000	875.000000	0.100000
-625.000000	925.000000	0.100000
-625.000000	975.000000	0.100000
-625.000000	1025.000000	0.100000
-625.000000	1075.000000	0.100000
-625.000000	1125.000000	0.100000
-625.000000	1175.000000	0.100000
-625.000000	1225.000000	0.100000
-625.000000	1275.000000	0.100000
-625.000000	1325.000000	0.104471
-625.000000	1375.000000	0.162098
-625.000000	1425.000000	0.250271
-625.000000	1475.000000	0.333643
-625.000000	1525.000000	0.510610
-625.000000	1575.000000	0.659317
-625.000000	1625.000000	0.923675
-625.000000	1675.000000	1.128902
-625.000000	1725.000000	1.528760
-625.000000	1775.000000	1.894174
-625.000000	1825.000000	2.179499
-625.000000	1875.000000	2.473469
-625.000000	1925.000000	2.620994
-625.000000	1975.000000	2.756619
-575.000000	-1975.000000	0.420631
-575.000000	-1925.000000	0.408005
-575.000000	-1875.000000	0.475535
-575.000000	-1825.000000	0.464662
-575.000000	-1775.000000	0.482231
-575.000000	-1725.000000	0.532265
-575.000000	-1675.000000	0.564014
-575.000000	-1625.000000	0.615350
-575.000000	-1575.000000	0.634004
-575.000000	-1525.000000	0.653465
-575.000000	-1475.000000	0.622264
-575.000000	-1425.000000	0.629635
-575.000000	-1375.000000	0.651729
-575.000000	-1325.000000	0.661055
-575.000000	-1275.000000	0.637399
-575.000000	-1225.000000	0.605419
-575.000000	-1175.000000	0.563005
-575.000000	-1125.000000	0.526735
-575.000000	-1075.000000	0.495980
-575.000000	-1025.000000	0.443092
-575.000000	-975.000000	0.373126
-575.000000	-925.000000	0.351750
-575.000000	-875.000000	0.300451
-575.000000	-825.000000	0.239879
-575.000000	-775.000000	0.150300
-575.000000	-725.000000	0.103903
-575.000000	-675.000000	0.119748
-575.000000	-625.000000	0.100000
-575.000000	-575.000000	0.099451
-575.000000	-525.000000	0.104162
-575.000000	-475.000000	0.050604
-575.000000	-425.000000	-0.048090
-575.000000	-375.000000	-0.371604
-575.000000	775.000000	-0.120167
-575.000000	825.000000	0.100000
-575.000000	875.000000	0.100000
-575.000000	925.000000	0.104291
-575.000000	975.000000	0.103650
-575.000000	1025.000000	0.159016
-575.000000	1075.000000	0.111267
-575.000000	1125.000000	0.100624
-575.000000	1175.000000	0.100000
-575.000000	1225.000000	0.106198
-575.000000	1275.000000	0.133567
-575.000000	1325.000000	0.187593
-575.000000	1375.000000	0.327939
-575.000000	1425.000000	0.432871
-575.000000	1475.000000	0.604800
-575.000000	1525.000000	0.945199
-575.000000	1575.000000	1.233347
-575.000000	1625.000000	1.783187
-575.000000	1675.000000	2.104024
-575.000000	1725.000000	3.448436
-575.000000	1775.000000	3.466051
-575.000000	1825.000000	5.000000
-575.000000	1875.000000	5.000000
-575.000000	1925.000000	5.461916
-575.000000	1975.000000	5.323740
-525.000000	-1975.000000	0.656278
-525.000000	-1925.000000	0.662565
-525.000000	-1875.000000	0.695899
-525.000000	-1825.000000	0.698591
-525.000000	-1775.000000	0.722865
-525.000000	-1725.000000	0.780917
-525.000000	-1675.000000	0.792861
-525.000000	-1625.000000	0.818331
-525.000000	-1575.000000	0.853504
-525.000000	-1525.000000	0.854351
-525.000000	-1475.000000	0.842025
-525.000000	-1425.000000	0.840299
-525.000000	-1375.000000	0.855359
-525.000000	-1325.000000	0.820024
-525.000000	-1275.000000	0.795382
-525.000000	-1225.000000	0.770935
-525.000000	-1175.000000	0.748014
-525.000000	-1125.000000	0.682299
-525.000000	-1075.000000	0.634144
-525.000000	-1025.000000	0.590757
-525.000000	-975.000000	0.498768
-525.000000	-925.000000	0.442693
-525.000000	-875.000000	0.371615
-525.000000	-825.000000	0.324326
-525.000000	-775.000000	0.244684
-525.000000	-725.000000	0.156077
-525.000000	-675.000000	0.100000
-525.000000	-625.000000	0.100000
-525.000000	-575.000000	0.085764
-525.000000	-525.000000	0.108271
-525.000000	-475.000000	0.075881
-525.000000	-425.000000	-0.109973
-525.000000	-375.000000	-3.130083
-525.000000	825.000000	-0.187930
-525.000000	875.000000	0.105073
-525.000000	925.000000	0.165827
-525.000000	975.000000	0.172413
-525.000000	1025.000000	0.170567
-525.000000	1075.000000	0.156030
-525.000000	1125.000000	0.184100
-525.000000	1175.000000	0.180406
-525.000000	1225.000000	0.215392
-525.000000	1275.000000	0.290845
-525.000000	1325.000000	0.400274
-525.000000	1375.000000	0.658606
-525.000000	1425.000000	0.811304
-525.000000	1475.000000	1.135796
-525.000000	1525.000000	1.594626
-525.000000	1575.000000	2.209734
-525.000000	1625.000000	3.230506
-525.000000	1675.000000	5.000000
-525.000000	1725.000000	5.715230
-525.000000	1775.000000	6.206646
-525.000000	1825.000000	6.796458
-525.000000	1875.000000	7.473060
-525.000000	1925.000000	7.376483
-525.000000	1975.000000	7.453109
-475.000000	-1975.000000	1.024089
-475.000000	-1925.000000	1.041008
-475.000000	-1875.000000	1.055921
-475.000000	-1825.000000	1.023947
-475.000000	-1775.000000	1.070691
-475.000000	-1725.000000	1.088295
-475.000000	-1675.000000	1.081303
-475.000000	-1625.000000	1.062631
-475.000000	-1575.000000	1.088832
-475.000000	-1525.000000	1.078969
-475.000000	-1475.000000	1.055943
-475.000000	-1425.000000	1.034810
-475.000000	-1375.000000	1.010819
-475.000000	-1325.000000	0.978695
-475.000000	-1275.000000	0.944160
-475.000000	-1225.000000	0.906052
-475.000000	-1175.000000	0.889050
-475.000000	-1125.000000	0.807003
-475.000000	-1075.000000	0.751281
-475.000000	-1025.000000	0.718893
-475.000000	-975.000000	0.635951
-475.000000	-925.000000	0.581208
-475.000000	-875.000000	0.452442
-475.000000	-825.000000	0.412255
-475.000000	-775.000000	0.339387
-475.000000	-725.000000	0.237459
-475.000000	-675.000000	0.133059
-475.000000	-625.000000	0.100000
-475.000000	-575.000000	0.093555
-475.000000	-525.000000	0.056503
-475.000000	-475.000000	-0.098603
-475.000000	-425.000000	-2.394342
-475.000000	825.000000	-5.000000
-475.000000	875.000000	-0.020383
-475.000000	925.000000	0.221734
-475.000000	975.000000	0.299834
-475.000000	1025.000000	0.293746
-475.000000	1075.000000	0.317269
-475.000000	1125.000000	0.357656
-475.000000	1175.000000	0.420002
-475.000000	1225.000000	0.514681
-475.000000	1275.000000	0.640919
-475.000000	1325.000000	0.810761
-475.000000	1375.000000	1.340484
-475.000000	1425.000000	1.631446
-475.000000	1475.000000	2.275269
-475.000000	1525.000000	3.124473
-475.000000	1575.000000	5.000000
-475.000000	1625.000000	6.074454
-475.000000	1675.000000	6.744296
-475.000000	1725.000000	7.866751
-475.000000	1775.000000	7.973853
-475.000000	1825.000000	8.332263
-475.000000	1875.000000	8.412022
-475.000000	1925.000000	8.578655
-475.000000	1975.000000	8.578899
-425.000000	-1975.000000	1.636045
-425.000000	-1925.000000	1.591114
-425.000000	-1875.000000	1.613379
-425.000000	-1825.000000	1.557090
-425.000000	-1775.000000	1.478107
-425.000000	-1725.000000	1.456293
-425.000000	-1675.000000	1.405844
-425.000000	-1625.000000	1.296646
-425.000000	-1575.000000	1.255780
-425.000000	-1525.000000	1.222578
-425.000000	-1475.000000	1.182830
-425.000000	-1425.000000	1.139016
-425.000000	-1375.000000	1.052543
-425.000000	-1325.000000	1.026089
-425.000000	-1275.000000	0.998941
-425.000000	-1225.000000	0.963210
-425.000000	-1175.000000	0.950131
-425.000000	-1125.000000	0.867687
-425.000000	-1075.000000	0.811774
-425.000000	-1025.000000	0.813834
-425.000000	-975.000000	0.757176
-425.000000	-925.000000	0.736835
-425.000000	-875.000000	0.609611
-425.000000	-825.000000	0.510481
-425.000000	-775.000000	0.452500
-425.000000	-725.000000	0.332244
-425.000000	-675.000000	0.214373
-425.000000	-625.000000	0.100000
-425.000000	-575.000000	0.097720
-425.000000	-525.000000	0.067581
-425.000000	-475.000000	-0.994875
-425.000000	875.000000	-1.769416
-425.000000	925.000000	0.028645
-425.000000	975.000000	0.526496
-425.000000	1025.000000	0.487080
-425.000000	1075.000000	0.543934
-425.000000	1125.000000	0.728786
-425.000000	1175.000000	0.909748
-425.000000	1225.000000	1.161020
-425.000000	1275.000000	1.454144
-425.000000	1325.000000	1.844939
-425.000000	1375.000000	2.743852
-425.000000	1425.000000	3.217205
-425.000000	1475.000000	5.000000
-425.000000	1525.000000	5.706760
-425.000000	1575.000000	6.516356
-425.000000	1625.000000	7.812973
-425.000000	1675.000000	8.163547
-425.000000	1725.000000	8.793752
-425.000000	1775.000000	8.806954
-425.000000	1825.000000	8.975681
-425.000000	1875.000000	8.981091
-425.000000	1925.000000	8.987774
-425.000000	1975.000000	8.990267
-375.000000	-1975.000000	2.483152
-375.000000	-1925.000000	2.435746
-375.000000	-1875.000000	2.426683
-375.000000	-1825.000000	2.153668
-375.000000	-1775.000000	2.001926
-375.000000	-1725.000000	1.801859
-375.000000	-1675.000000	1.649898
-375.000000	-1625.000000	1.431671
-375.000000	-1575.000000	1.302646
-375.000000	-1525.000000	1.216275
-375.000000	-1475.000000	1.131348
-375.000000	-1425.000000	1.051825
-375.000000	-1375.000000	0.987602
-375.000000	-1325.000000	0.969982
-375.000000	-1275.000000	0.939418
-375.000000	-1225.000000	0.912104
-375.000000	-1175.000000	0.925017
-375.000000	-1125.000000	0.868767
-375.000000	-1075.000000	0.825329
-375.000000	-1025.000000	0.811535
-375.000000	-975.000000	0.778618
-375.000000	-925.000000	0.780425
-375.000000	-875.000000	0.738545
-375.000000	-825.000000	0.645951
-375.000000	-775.000000	0.608835
-375.000000	-725.000000	0.448269
-375.000000	-675.000000	0.309335
-375.000000	-625.000000	0.142272
-375.000000	-575.000000	0.094441
-375.000000	-525.000000	-0.008200
-375.000000	-475.000000	-2.189068
-375.000000	925.000000	-1.037663
-375.000000	975.000000	0.844884
-375.000000	1025.000000	0.785212
-375.000000	1075.000000	0.799494
-375.000000	1125.000000	1.189914
-375.000000	1175.000000	1.536936
-375.000000	1225.000000	1.896347
-375.000000	1275.000000	2.416823
-375.000000	1325.000000	3.105621
-375.000000	1375.000000	4.591208
-375.000000	1425.000000	5.181522
-375.000000	1475.000000	6.283760
-375.000000	1525.000000	7.421559
-375.000000	1575.000000	8.002839
-375.000000	1625.000000	8.784589
-375.000000	1675.000000	8.776063
-375.000000	1725.000000	8.979538
-375.000000	1775.000000	8.840584
-375.000000	1825.000000	8.674946
-375.000000	1875.000000	8.702795
-375.000000	1925.000000	8.665519
-375.000000	1975.000000	8.666820
-325.000000	-1975.000000	4.310579
-325.000000	-1925.000000	3.904828
-325.000000	-1875.000000	3.335649
-325.000000	-1825.000000	2.888460
-325.000000	-1775.000000	2.405041
-325.000000	-1725.000000	2.050597
-325.000000	-1675.000000	1.733456
-325.000000	-1625.000000	1.437159
-325.000000	-1575.000000	1.248070
-325.000000	-1525.000000	1.101829
-325.000000	-1475.000000	0.999421
-325.000000	-1425.000000	0.897079
-325.000000	-1375.000000	0.863329
-325.000000	-1325.000000	0.829604
-325.000000	-1275.000000	0.808054
-325.000000	-1225.000000	0.781651
-325.000000	-1175.000000	0.804471
-325.000000	-1125.000000	0.768533
-325.000000	-1075.000000	0.738849
-325.000000	-1025.000000	0.750593
-325.000000	-975.000000	0.753604
-325.000000	-925.000000	0.758287
-325.000000	-875.000000	0.793006
-325.000000	-825.000000	0.761761
-325.000000	-775.000000	0.825868
-325.000000	-725.000000	0.512857
-325.000000	-675.000000	0.408219
-325.000000	-625.000000	0.270296
-325.000000	-575.000000	0.127691
-325.000000	-525.000000	-0.005590
-325.000000	-475.000000	-5.000000
-325.000000	925.000000	-5.000000
-325.000000	975.000000	1.099968
-325.000000	1025.000000	1.100829
-325.000000	1075.000000	1.038926
-325.000000	1125.000000	1.575266
-325.000000	1175.000000	1.960053
-325.000000	1225.000000	2.244627
-325.000000	1275.000000	2.817002
-325.000000	1325.000000	3.650534
-325.000000	1375.000000	5.000000
-325.000000	1425.000000	5.978634
-325.000000	1475.000000	6.736457
-325.000000	1525.000000	7.754791
-325.000000	1575.000000	8.123077
-325.000000	1625.000000	8.761331
-325.000000	1675.000000	8.587663
-325.000000	1725.000000	8.699362
-325.000000	1775.000000	8.259972
-325.000000	1825.000000	8.370279
-325.000000	1875.000000	7.919259
-325.000000	1925.000000	7.824476
-325.000000	1975.000000	7.737685
-275.000000	-1975.000000	5.564730
-275.000000	-1925.000000	5.303155
-275.000000	-1875.000000	5.000000
-275.000000	-1825.000000	3.555855
-275.000000	-1775.000000	2.846142
-275.000000	-1725.000000	2.170666
-275.000000	-1675.000000	1.719279
-275.000000	-1625.000000	1.349570
-275.000000	-1575.000000	1.144734
-275.000000	-1525.000000	0.993435
-275.000000	-1475.000000	0.890363
-275.000000	-1425.000000	0.795132
-275.000000	-1375.000000	0.737170
-275.000000	-1325.000000	0.703703
-275.000000	-1275.000000	0.709226
-275.000000	-1225.000000	0.691844
-275.000000	-1175.000000	0.682894
-275.000000	-1125.000000	0.668323
-275.000000	-1075.000000	0.650597
-275.000000	-1025.000000	0.675350
-275.000000	-975.000000	0.684738
-275.000000	-925.000000	0.726464
-275.000000	-875.000000	0.805324
-275.000000	-825.000000	0.795545
-275.000000	-775.000000	0.793158
-275.000000	-725.000000	0.592479
-275.000000	-675.000000	0.550776
-275.000000	-625.000000	0.306183
-275.000000	-575.000000	0.134505
-275.000000	-525.000000	-0.348509
-275.000000	-475.000000	-5.000000
-275.000000	975.000000	-5.000000
-275.000000	1025.000000	1.617524
-275.000000	1075.000000	1.287308
-275.000000	1125.000000	1.713901
-275.000000	1175.000000	1.936105
-275.000000	1225.000000	2.074451
-275.000000	1275.000000	2.655991
-275.000000	1325.000000	3.305256
-275.000000	1375.000000	4.311463
-275.000000	1425.000000	5.000000
-275.000000	1475.000000	6.351390
-275.000000	1525.000000	7.309974
-275.000000	1575.000000	7.641394
-275.000000	1625.000000	8.165521
-275.000000	1675.000000	7.780103
-275.000000	1725.000000	7.490675
-275.000000	1775.000000	6.865289
-275.000000	1825.000000	6.395780
-275.000000	1875.000000	5.871374
-275.000000	1925.000000	5.549061
-275.000000	1975.000000	5.460375
-225.000000	-1975.000000	6.768095
-225.000000	-1925.000000	6.415738
-225.000000	-1875.000000	5.326414
-225.000000	-1825.000000	4.202819
-225.000000	-1775.000000	3.076521
-225.000000	-1725.000000	2.366387
-225.000000	-1675.000000	1.779102
-225.000000	-1625.000000	1.374777
-225.000000	-1575.000000	1.130721
-225.000000	-1525.000000	0.968514
-225.000000	-1475.000000	0.840707
-225.000000	-1425.000000	0.770373
-225.000000	-1375.000000	0.709130
-225.000000	-1325.000000	0.667391
-225.000000	-1275.000000	0.674706
-225.000000	-1225.000000	0.668802
-225.000000	-1175.000000	0.639007
-225.000000	-1125.000000	0.607623
-225.000000	-1075.000000	0.580949
-225.000000	-1025.000000	0.572666
-225.000000	-975.000000	0.600308
-225.000000	-925.000000	0.664200
-225.000000	-875.000000	0.771248
-225.000000	-825.000000	0.737945
-225.000000	-775.000000	-0.645541
-225.000000	-725.000000	0.564897
-225.000000	-675.000000	0.792381
-225.000000	-625.000000	0.282822
-225.000000	-575.000000	0.189604
-225.000000	-525.000000	-1.014042
-225.000000	1025.000000	-0.744024
-225.000000	1075.000000	1.174364
-225.000000	1125.000000	1.539333
-225.000000	1175.000000	1.670137
-225.000000	1225.000000	1.716023
-225.000000	1275.000000	2.210804
-225.000000	1325.000000	2.782647
-225.000000	1375.000000	3.539581
-225.000000	1425.000000	5.000000
-225.000000	1475.000000	6.564334
-225.000000	1525.000000	6.833333
-225.000000	1575.000000	6.908343
-225.000000	1625.000000	7.289123
-225.000000	1675.000000	6.501554
-225.000000	1725.000000	6.160915
-225.000000	1775.000000	5.000000
-225.000000	1825.000000	5.000000
-225.000000	1875.000000	3.317229
-225.000000	1925.000000	3.029675
-225.000000	1975.000000	2.917767
-175.000000	-1975.000000	6.920777
-175.000000	-1925.000000	6.754187
-175.000000	-1875.000000	5.854967
-175.000000	-1825.000000	5.000000
-175.000000	-1775.000000	3.605867
-175.000000	-1725.000000	2.781175
-175.000000	-1675.000000	2.172723
-175.000000	-1625.000000	1.628266
-175.000000	-1575.000000	1.308305
-175.000000	-1525.000000	1.110682
-175.000000	-1475.000000	0.931377
-175.000000	-1425.000000	0.836128
-175.000000	-1375.000000	0.790513
-175.000000	-1325.000000	0.747327
-175.000000	-1275.000000	0.724265
-175.000000	-1225.000000	0.698413
-175.000000	-1175.000000	0.660058
-175.000000	-1125.000000	0.647191
-175.000000	-1075.000000	0.609578
-175.000000	-1025.000000	0.564802
-175.000000	-975.000000	0.563256
-175.000000	-925.000000	0.612216
-175.000000	-875.000000	0.684066
-175.000000	-825.000000	0.687628
-175.000000	-775.000000	-1.377210
-175.000000	-725.000000	0.612545
-175.000000	-675.000000	0.862797
-175.000000	-625.000000	0.301937
-175.000000	-575.000000	0.088554
-175.000000	1025.000000	-5.000000
-175.000000	1075.000000	1.294043
-175.000000	1125.000000	1.396468
-175.000000	1175.000000	1.432677
-175.000000	1225.000000	1.429020
-175.000000	1275.000000	1.820908
-175.000000	1325.000000	2.299897
-175.000000	1375.000000	2.957945
-175.000000	1425.000000	5.000000
-175.000000	1475.000000	6.180277
-175.000000	1525.000000	6.264445
-175.000000	1575.000000	5.938545
-175.000000	1625.000000	5.790270
-175.000000	1675.000000	5.000000
-175.000000	1725.000000	3.635403
-175.000000	1775.000000	2.532245
-175.000000	1825.000000	2.088591
-175.000000	1875.000000	1.745916
-175.000000	1925.000000	1.549251
-175.000000	1975.000000	1.466698
-125.000000	-1975.000000	6.368589
-125.000000	-1925.000000	6.348137
-125.000000	-1875.000000	5.711129
-125.000000	-1825.000000	5.433630
-125.000000	-1775.000000	5.000000
-125.000000	-1725.000000	3.775794
-125.000000	-1675.000000	2.859539
-125.000000	-1625.000000	2.271721
-125.000000	-1575.000000	1.666370
-125.000000	-1525.000000	1.379641
-125.000000	-1475.000000	1.155183
-125.000000	-1425.000000	0.998977
-125.000000	-1375.000000	0.931584
-125.000000	-1325.000000	0.884070
-125.000000	-1275.000000	0.806394
-125.000000	-1225.000000	0.726676
-125.000000	-1175.000000	0.694583
-125.000000	-1125.000000	0.670888
-125.000000	-1075.000000	0.654186
-125.000000	-1025.000000	0.599896
-125.000000	-975.000000	0.579079
-125.000000	-925.000000	0.570703
-125.000000	-875.000000	0.620328
-125.000000	-825.000000	0.622418
-125.000000	-775.000000	0.596350
-125.000000	-725.000000	0.701268
-125.000000	-675.000000	0.796423
-125.000000	-625.000000	0.445355
-125.000000	-575.000000	-3.424585
-125.000000	1025.000000	-5.000000
-125.000000	1075.000000	0.070778
-125.000000	1125.000000	1.289642
-125.000000	1175.000000	1.255566
-125.000000	1225.000000	1.213397
-125.000000	1275.000000	1.558659
-125.000000	1325.000000	2.070498
-125.000000	1375.000000	2.840400
-125.000000	1425.000000	5.000000
-125.000000	1475.000000	6.381494
-125.000000	1525.000000	6.211929
-125.000000	1575.000000	5.301504
-125.000000	1625.000000	5.000000
-125.000000	1675.000000	3.256261
-125.000000	1725.000000	2.480046
-125.000000	1775.000000	1.449655
-125.000000	1825.000000	1.177610
-125.000000	1875.000000	0.903536
-125.000000	1925.000000	0.761970
-125.000000	1975.000000	0.703486
-75.000000	-1975.000000	5.039091
-75.000000	-1925.000000	5.249028
-75.000000	-1875.000000	5.580274
-75.000000	-1825.000000	6.030323
-75.000000	-1775.000000	5.707412
-75.000000	-1725.000000	5.027232
-75.000000	-1675.000000	4.022189
-75.000000	-1625.000000	3.003917
-75.000000	-1575.000000	2.252890
-75.000000	-1525.000000	1.887424
-75.000000	-1475.000000	1.432215
-75.000000	-1425.000000	1.200804
-75.000000	-1375.000000	1.067073
-75.000000	-1325.000000	0.960479
-75.000000	-1275.000000	0.857834
-75.000000	-1225.000000	0.760531
-75.000000	-1175.000000	0.730189
-75.000000	-1125.000000	0.726380
-75.000000	-1075.000000	0.708197
-75.000000	-1025.000000	0.688384
-75.000000	-975.000000	0.604858
-75.000000	-925.000000	0.618200
-75.000000	-875.000000	0.643503
-75.000000	-825.000000	0.688790
-75.000000	-775.000000	0.751903
-75.000000	-725.000000	0.836549
-75.000000	-675.000000	0.861041
-75.000000	-625.000000	0.693252
-75.000000	1075.000000	-4.012197
-75.000000	1125.000000	0.612007
-75.000000	1175.000000	1.115944
-75.000000	1225.000000	1.062681
-75.000000	1275.000000	1.427075
-75.000000	1325.000000	2.116137
-75.000000	1375.000000	3.130652
-75.000000	1425.000000	5.000000
-75.000000	1475.000000	6.652086
-75.000000	1525.000000	6.300550
-75.000000	1575.000000	5.000000
-75.000000	1625.000000	3.399403
-75.000000	1675.000000	2.458463
-75.000000	1725.000000	1.646068
-75.000000	1775.000000	0.836649
-75.000000	1825.000000	0.575649
-75.000000	1875.000000	0.353579
-75.000000	1925.000000	0.251139
-75.000000	1975.000000	0.186896
-25.000000	-1975.000000	3.509602
-25.000000	-1925.000000	3.785696
-25.000000	-1875.000000	5.060207
-25.000000	-1825.000000	6.410426
-25.000000	-1775.000000	6.632814
-25.000000	-1725.000000	6.648914
-25.000000	-1675.000000	5.585541
-25.000000	-1625.000000	4.221773
-25.000000	-1575.000000	3.013551
-25.000000	-1525.000000	2.156760
-25.000000	-1475.000000	1.718058
-25.000000	-1425.000000	1.327025
-25.000000	-1375.000000	1.129329
-25.000000	-1325.000000	0.953083
-25.000000	-1275.000000	0.837478
-25.000000	-1225.000000	0.778677
-25.000000	-1175.000000	0.737280
-25.000000	-1125.000000	0.700553
-25.000000	-1075.000000	0.690300
-25.000000	-1025.000000	0.650379
-25.000000	-975.000000	0.631877
-25.000000	-925.000000	0.646100
-25.000000	-875.000000	0.657232
-25.000000	-825.000000	0.647186
-25.000000	-775.000000	0.660257
-25.000000	-725.000000	0.753539
-25.000000	-675.000000	0.992358
-25.000000	-625.000000	-0.016668
-25.000000	1125.000000	-2.249400
-25.000000	1175.000000	0.193684
-25.000000	1225.000000	0.936950
-25.000000	1275.000000	1.410538
-25.000000	1325.000000	2.372158
-25.000000	1375.000000	3.734911
-25.000000	1425.000000	5.343952
-25.000000	1475.000000	7.114948
-25.000000	1525.000000	6.363660
-25.000000	1575.000000	5.000000
-25.000000	1625.000000	2.735078
-25.000000	1675.000000	2.005158
-25.000000	1725.000000	1.289905
-25.000000	1775.000000	0.599241
-25.000000	1825.000000	0.398841
-25.000000	1875.000000	0.176169
-25.000000	1925.000000	0.089317
-25.000000	1975.000000	0.034523
25.000000	-1975.000000	2.536853
25.000000	-1925.000000	2.733917
25.000000	-1875.000000	5.000000
25.000000	-1825.000000	6.217237
25.000000	-1775.000000	6.966067
25.000000	-1725.000000	7.234819
25.000000	-1675.000000	6.583663
25.000000	-1625.000000	5.573606
25.000000	-1575.000000	3.933044
25.000000	-1525.000000	2.851505
25.000000	-1475.000000	2.043362
25.000000	-1425.000000	1.487064
25.000000	-1375.000000	1.171913
25.000000	-1325.000000	0.929350
25.000000	-1275.000000	0.808008
25.000000	-1225.000000	0.755201
25.000000	-1175.000000	0.725094
25.000000	-1125.000000	0.661356
25.000000	-1075.000000	0.656259
25.000000	-1025.000000	0.623722
25.000000	-975.000000	0.636280
25.000000	-925.000000	0.665739
25.000000	-875.000000	0.685517
25.000000	-825.000000	0.703486
25.000000	-775.000000	0.708631
25.000000	-725.000000	0.853761
25.000000	-675.000000	0.929079
25.000000	-625.000000	-3.474988
25.000000	1125.000000	-5.000000
25.000000	1175.000000	-0.039566
25.000000	1225.000000	0.831235
25.000000	1275.000000	1.917928
25.000000	1325.000000	3.188470
25.000000	1375.000000	5.000000
25.000000	1425.000000	7.826777
25.000000	1475.000000	6.919045
25.000000	1525.000000	6.163497
25.000000	1575.000000	5.000000
25.000000	1625.000000	2.106964
25.000000	1675.000000	1.565566
25.000000	1725.000000	0.937164
25.000000	1775.000000	0.382390
25.000000	1825.000000	0.270564
25.000000	1875.000000	0.062048
25.000000	1925.000000	0.022738
25.000000	1975.000000	-0.033488
75.000000	-1975.000000	2.024939
75.000000	-1925.000000	2.133336
75.000000	-1875.000000	3.747391
75.000000	-1825.000000	5.327923
75.000000	-1775.000000	6.572908
75.000000	-1725.000000	7.223494
75.000000	-1675.000000	6.920804
75.000000	-1625.000000	6.422004
75.000000	-1575.000000	5.087794
75.000000	-1525.000000	3.599047
75.000000	-1475.000000	2.499801
75.000000	-1425.000000	1.728285
75.000000	-1375.000000	1.294563
75.000000	-1325.000000	0.965226
75.000000	-1275.000000	0.805172
75.000000	-1225.000000	0.701955
75.000000	-1175.000000	0.672118
75.000000	-1125.000000	0.628698
75.000000	-1075.000000	0.606318
75.000000	-1025.000000	0.603909
75.000000	-975.000000	0.624045
75.000000	-925.000000	0.639728
75.000000	-875.000000	0.671134
75.000000	-825.000000	0.730762
75.000000	-775.000000	0.758762
75.000000	-725.000000	1.029146
75.000000	-675.000000	0.320014
75.000000	-625.000000	-5.000000
75.000000	1125.000000	-4.924089
75.000000	1175.000000	0.269109
75.000000	1225.000000	1.451344
75.000000	1275.000000	2.495194
75.000000	1325.000000	3.834565
75.000000	1375.000000	5.411935
75.000000	1425.000000	7.180918
75.000000	1475.000000	6.264367
75.000000	1525.000000	5.000000
75.000000	1575.000000	3.298377
75.000000	1625.000000	1.574546
75.000000	1675.000000	1.239547
75.000000	1725.000000	0.636833
75.000000	1775.000000	0.277538
75.000000	1825.000000	0.204007
75.000000	1875.000000	0.089534
75.000000	1925.000000	0.025881
75.000000	1975.000000	-0.056796
125.000000	-1975.000000	1.914439
125.000000	-1925.000000	2.004677
125.000000	-1875.000000	3.194469
125.000000	-1825.000000	3.861474
125.000000	-1775.000000	5.397184
125.000000	-1725.000000	6.511006
125.000000	-1675.000000	6.831781
125.000000	-1625.000000	7.007946
125.000000	-1575.000000	6.389763
125.000000	-1525.000000	5.000000
125.000000	-1475.000000	3.306419
125.000000	-1425.000000	2.200451
125.000000	-1375.000000	1.523975
125.000000	-1325.000000	1.094486
125.000000	-1275.000000	0.880725
125.000000	-1225.000000	0.752358
125.000000	-1175.000000	0.666232
125.000000	-1125.000000	0.612725
125.000000	-1075.000000	0.606548
125.000000	-1025.000000	0.597239
125.000000	-975.000000	0.644592
125.000000	-925.000000	0.644527
125.000000	-875.000000	0.711745
125.000000	-825.000000	0.749452
125.000000	-775.000000	0.902594
125.000000	-725.000000	0.703298
125.000000	-675.000000	-2.130691
125.000000	1125.000000	-5.000000
125.000000	1175.000000	1.261471
125.000000	1225.000000	2.365259
125.000000	1275.000000	3.770271
125.000000	1325.000000	5.000000
125.000000	1375.000000	7.295816
125.000000	1425.000000	6.132538
125.000000	1475.000000	5.000000
125.000000	1525.000000	3.306676
125.000000	1575.000000	2.031127
125.000000	1625.000000	0.954236
125.000000	1675.000000	0.794381
125.000000	1725.000000	0.514048
125.000000	1775.000000	0.158521
125.000000	1825.000000	0.213561
125.000000	1875.000000	0.251363
125.000000	1925.000000	0.186911
125.000000	1975.000000	0.137488
175.000000	-1975.000000	2.010916
175.000000	-1925.000000	2.096975
175.000000	-1875.000000	2.737543
175.000000	-1825.000000	2.659256
175.000000	-1775.000000	3.777123
175.000000	-1725.000000	5.177900
175.000000	-1675.000000	6.420893
175.000000	-1625.000000	7.327482
175.000000	-1575.000000	7.317365
175.000000	-1525.000000	6.392999
175.000000	-1475.000000	5.000000
175.000000	-1425.000000	2.959472
175.000000	-1375.000000	1.974121
175.000000	-1325.000000	1.316337
175.000000	-1275.000000	1.012520
175.000000	-1225.000000	0.838246
175.000000	-1175.000000	0.672856
175.000000	-1125.000000	0.605912
175.000000	-1075.000000	0.575736
175.000000	-1025.000000	0.596096
175.000000	-975.000000	0.613294
175.000000	-925.000000	0.641186
175.000000	-875.000000	0.679692
175.000000	-825.000000	0.795626
175.000000	-775.000000	0.018515
175.000000	-725.000000	-1.124064
175.000000	1125.000000	0.025453
175.000000	1175.000000	2.097341
175.000000	1225.000000	3.340638
175.000000	1275.000000	5.000000
175.000000	1325.000000	5.000000
175.000000	1375.000000	5.909580
175.000000	1425.000000	3.685035
175.000000	1475.000000	2.812991
175.000000	1525.000000	1.576801
175.000000	1575.000000	0.732411
175.000000	1625.000000	0.430534
175.000000	1675.000000	0.334574
175.000000	1725.000000	0.066409
175.000000	1775.000000	0.057410
175.000000	1825.000000	0.127630
175.000000	1875.000000	0.374712
175.000000	1925.000000	0.217020
175.000000	1975.000000	0.237716
225.000000	-1975.000000	2.380437
225.000000	-1925.000000	2.428241
225.000000	-1875.000000	2.597584
225.000000	-1825.000000	2.024135
225.000000	-1775.000000	2.821750
225.000000	-1725.000000	3.831337
225.000000	-1675.000000	5.732615
225.000000	-1625.000000	7.322733
225.000000	-1575.000000	7.723882
225.000000	-1525.000000	7.264449
225.000000	-1475.000000	6.011104
225.000000	-1425.000000	4.023035
225.000000	-1375.000000	2.543162
225.000000	-1325.000000	1.661921
225.000000	-1275.000000	1.146319
225.000000	-1225.000000	0.940428
225.000000	-1175.000000	0.677037
225.000000	-1125.000000	0.594382
225.000000	-1075.000000	0.557285
225.000000	-1025.000000	0.520825
225.000000	-975.000000	0.649675
225.000000	-925.000000	0.600266
225.000000	-875.000000	0.737172
225.000000	-825.000000	0.351536
225.000000	-775.000000	-5.000000
225.000000	1125.000000	2.203798
225.000000	1175.000000	3.535893
225.000000	1225.000000	5.000000
225.000000	1275.000000	6.577500
225.000000	1325.000000	5.331759
225.000000	1375.000000	3.714284
225.000000	1425.000000	2.223735
225.000000	1475.000000	1.184562
225.000000	1525.000000	0.288417
225.000000	1575.000000	0.271557
225.000000	1625.000000	-0.198079
225.000000	1675.000000	-0.026604
225.000000	1725.000000	-0.144616
225.000000	1775.000000	-0.003073
225.000000	1825.000000	0.098059
225.000000	1875.000000	0.272990
225.000000	1925.000000	0.503534
225.000000	1975.000000	0.666279
275.000000	-1975.000000	3.039662
275.000000	-1925.000000	2.666199
275.000000	-1875.000000	2.395527
275.000000	-1825.000000	1.723513
275.000000	-1775.000000	2.149215
275.000000	-1725.000000	2.952621
275.000000	-1675.000000	5.000000
275.000000	-1625.000000	6.693113
275.000000	-1575.000000	7.659011
275.000000	-1525.000000	7.612349
275.000000	-1475.000000	7.024947
275.000000	-1425.000000	5.378536
275.000000	-1375.000000	3.404289
275.000000	-1325.000000	2.083363
275.000000	-1275.000000	1.405313
275.000000	-1225.000000	1.097809
275.000000	-1175.000000	0.678642
275.000000	-1125.000000	0.604248
275.000000	-1075.000000	0.529822
275.000000	-1025.000000	0.470651
275.000000	-975.000000	0.479737
275.000000	-925.000000	-5.000000
275.000000	1075.000000	1.392653
275.000000	1125.000000	3.155407
275.000000	1175.000000	3.885466
275.000000	1225.000000	6.147964
275.000000	1275.000000	5.000000
275.000000	1325.000000	3.282757
275.000000	1375.000000	2.108985
275.000000	1425.000000	0.861719
275.000000	1475.000000	0.060868
275.000000	1525.000000	-0.167675
275.000000	1575.000000	-0.610490
275.000000	1625.000000	-0.572596
275.000000	1675.000000	-0.755835
275.000000	1725.000000	-0.612842
275.000000	1775.000000	-0.253086
275.000000	1825.000000	-0.168547
275.000000	1875.000000	0.116221
275.000000	1925.000000	0.528983
275.000000	1975.000000	0.734867
325.000000	-1975.000000	3.212018
325.000000	-1925.000000	2.731103
325.000000	-1875.000000	2.582628
325.000000	-1825.000000	1.608186
325.000000	-1775.000000	2.066227
325.000000	-1725.000000	2.323735
325.000000	-1675.000000	3.439545
325.000000	-1625.000000	5.751733
325.000000	-1575.000000	7.010136
325.000000	-1525.000000	7.660682
325.000000	-1475.000000	7.563363
325.000000	-1425.000000	6.661930
325.000000	-1375.000000	5.000000
325.000000	-1325.000000	2.901758
325.000000	-1275.000000	1.584392
325.000000	-1225.000000	1.199990
325.000000	-1175.000000	0.651385
325.000000	-1125.000000	0.576376
325.000000	-1075.000000	0.474635
325.000000	-1025.000000	0.483382
325.000000	-975.000000	0.118888
325.000000	1075.000000	4.269361
325.000000	1125.000000	3.091706
325.000000	1175.000000	5.318062
325.000000	1225.000000	5.000000
325.000000	1275.000000	3.016851
325.000000	1325.000000	1.941033
325.000000	1375.000000	0.836235
325.000000	1425.000000	-0.047858
325.000000	1475.000000	-0.271719
325.000000	1525.000000	-0.724426
325.000000	1575.000000	-0.857741
325.000000	1625.000000	-1.607433
325.000000	1675.000000	-1.205202
325.000000	1725.000000	-1.268494
325.000000	1775.000000	-0.754456
325.000000	1825.000000	-0.294699
325.000000	1875.000000	0.101574
325.000000	1925.000000	0.462303
325.000000	1975.000000	0.567128
375.000000	-1975.000000	3.835667
375.000000	-1925.000000	2.887033
375.000000	-1875.000000	2.311650
375.000000	-1825.000000	1.726431
375.000000	-1775.000000	1.751989
375.000000	-1725.000000	2.190431
375.000000	-1675.000000	2.615748
375.000000	-1625.000000	5.000000
375.000000	-1575.000000	6.396158
375.000000	-1525.000000	7.403277
375.000000	-1475.000000	7.947905
375.000000	-1425.000000	7.425367
375.000000	-1375.000000	6.163784
375.000000	-1325.000000	3.510993
375.000000	-1275.000000	2.068215
375.000000	-1225.000000	1.336923
375.000000	-1175.000000	0.662314
375.000000	-1125.000000	0.482925
375.000000	-1075.000000	0.088939
375.000000	-1025.000000	0.384884
375.000000	1025.000000	5.567781
375.000000	1075.000000	2.618774
375.000000	1125.000000	3.959912
375.000000	1175.000000	3.215749
375.000000	1225.000000	2.525365
375.000000	1275.000000	1.452707
375.000000	1325.000000	0.656194
375.000000	1375.000000	-0.173338
375.000000	1425.000000	-0.535460
375.000000	1475.000000	-0.771115
375.000000	1525.000000	-1.706009
375.000000	1575.000000	-2.022754
375.000000	1625.000000	-2.160477
375.000000	1675.000000	-2.023851
375.000000	1725.000000	-1.777776
375.000000	1775.000000	-0.973636
375.000000	1825.000000	-0.647731
375.000000	1875.000000	-0.112456
375.000000	1925.000000	0.092575
375.000000	1975.000000	0.096546
425.000000	-1975.000000	3.299863
425.000000	-1925.000000	2.403246
425.000000	-1875.000000	2.432300
425.000000	-1825.000000	1.459646
425.000000	-1775.000000	1.347381
425.000000	-1725.000000	1.640694
425.000000	-1675.000000	1.716041
425.000000	-1625.000000	3.152226
425.000000	-1575.000000	5.000000
425.000000	-1525.000000	7.026816
425.000000	-1475.000000	7.856383
425.000000	-1425.000000	8.056422
425.000000	-1375.000000	7.047339
425.000000	-1325.000000	5.502459
425.000000	-1275.000000	2.189255
425.000000	-1225.000000	1.322108
425.000000	-1175.000000	0.943225
425.000000	-1125.000000	0.517196
425.000000	-1075.000000	0.369115
425.000000	975.000000	-5.000000
425.000000	1025.000000	5.084886
425.000000	1075.000000	3.660949
425.000000	1125.000000	2.935384
425.000000	1175.000000	2.308224
425.000000	1225.000000	1.196630
425.000000	1275.000000	0.478441
425.000000	1325.000000	-0.377876
425.000000	1375.000000	-0.641840
425.000000	1425.000000	-0.930818
425.000000	1475.000000	-1.762062
425.000000	1525.000000	-2.105424
425.000000	1575.000000	-2.564915
425.000000	1625.000000	-2.818533
425.000000	1675.000000	-2.430660
425.000000	1725.000000	-2.142347
425.000000	1775.000000	-1.465608
425.000000	1825.000000	-0.902292
425.000000	1875.000000	-0.455829
425.000000	1925.000000	-0.356836
425.000000	1975.000000	-0.345604
475.000000	-1975.000000	4.004047
475.000000	-1925.000000	3.328638
475.000000	-1875.000000	2.426727
475.000000	-1825.000000	1.972223
475.000000	-1775.000000	1.860860
475.000000	-1725.000000	1.449761
475.000000	-1675.000000	1.669910
475.000000	-1625.000000	2.364961
475.000000	-1575.000000	3.562952
475.000000	-1525.000000	6.147229
475.000000	-1475.000000	7.648592
475.000000	-1425.000000	8.206446
475.000000	-1375.000000	7.820018
475.000000	-1325.000000	6.277228
475.000000	-1275.000000	2.772637
475.000000	-1225.000000	1.456636
475.000000	-1175.000000	0.949617
475.000000	-1125.000000	0.698304
475.000000	-1075.000000	0.442618
475.000000	975.000000	5.605954
475.000000	1025.000000	3.487594
475.000000	1075.000000	2.170192
475.000000	1125.000000	1.899528
475.000000	1175.000000	0.826028
475.000000	1225.000000	0.345191
475.000000	1275.000000	-0.255361
475.000000	1325.000000	-0.560069
475.000000	1375.000000	-1.013997
475.000000	1425.000000	-1.933086
475.000000	1475.000000	-2.239236
475.000000	1525.000000	-2.988249
475.000000	1575.000000	-3.121430
475.000000	1625.000000	-2.739253
475.000000	1675.000000	-2.560865
475.000000	1725.000000	-2.247802
475.000000	1775.000000	-1.697795
475.000000	1825.000000	-1.277681
475.000000	1875.000000	-1.270515
475.000000	1925.000000	-1.092709
475.000000	1975.000000	-1.231877
525.000000	-1975.000000	2.820898
525.000000	-1925.000000	2.488624
525.000000	-1875.000000	2.799918
525.000000	-1825.000000	2.052859
525.000000	-1775.000000	2.042040
525.000000	-1725.000000	1.341619
525.000000	-1675.000000	1.357564
525.000000	-1625.000000	1.701620
525.000000	-1575.000000	3.021946
525.000000	-1525.000000	5.000000
525.000000	-1475.000000	7.407244
525.000000	-1425.000000	8.210127
525.000000	-1375.000000	8.759059
525.000000	-1325.000000	6.749661
525.000000	-1275.000000	5.000000
525.000000	-1225.000000	1.988542
525.000000	-1175.000000	0.695817
525.000000	-1125.000000	0.588635
525.000000	875.000000	-5.000000
525.000000	925.000000	5.172444
525.000000	975.000000	1.806107
525.000000	1025.000000	3.169306
525.000000	1075.000000	1.899211
525.000000	1125.000000	1.108955
525.000000	1175.000000	0.496468
525.000000	1225.000000	0.077355
525.000000	1275.000000	-0.362447
525.000000	1325.000000	-1.268686
525.000000	1375.000000	-1.709186
525.000000	1425.000000	-2.464142
525.000000	1475.000000	-2.939067
525.000000	1525.000000	-3.501056
525.000000	1575.000000	-2.975468
525.000000	1625.000000	-2.958137
525.000000	1675.000000	-2.415456
525.000000	1725.000000	-2.365630
525.000000	1775.000000	-1.944444
525.000000	1825.000000	-1.848262
525.000000	1875.000000	-1.799936
525.000000	1925.000000	-2.272360
525.000000	1975.000000	-2.139568
575.000000	-1975.000000	2.356314
575.000000	-1925.000000	2.425764
575.000000	-1875.000000	2.557941
575.000000	-1825.000000	3.221497
575.000000	-1775.000000	2.691681
575.000000	-1725.000000	1.643367
575.000000	-1675.000000	1.767642
575.000000	-1625.000000	1.626294
575.000000	-1575.000000	2.467319
575.000000	-1525.000000	5.000000
575.000000	-1475.000000	6.656862
575.000000	-1425.000000	8.064481
575.000000	-1375.000000	8.950804
575.000000	-1325.000000	7.427602
575.000000	-1275.000000	5.000000
575.000000	-1225.000000	2.481758
575.000000	-1175.000000	0.684434
575.000000	-1125.000000	0.347858
575.000000	825.000000	-5.000000
575.000000	875.000000	1.190094
575.000000	925.000000	4.560104
575.000000	975.000000	2.326618
575.000000	1025.000000	1.721316
575.000000	1075.000000	0.728072
575.000000	1125.000000	0.389379
575.000000	1175.000000	-0.088425
575.000000	1225.000000	-0.399503
575.000000	1275.000000	-1.259485
575.000000	1325.000000	-1.418183
575.000000	1375.000000	-2.319365
575.000000	1425.000000	-2.861282
575.000000	1475.000000	-3.659692
575.000000	1525.000000	-3.270196
575.000000	1575.000000	-3.258613
575.000000	1625.000000	-2.462903
575.000000	1675.000000	-2.344004
575.000000	1725.000000	-2.050431
575.000000	1775.000000	-2.270936
575.000000	1825.000000	-2.155426
575.000000	1875.000000	-2.987911
575.000000	1925.000000	-3.751954
575.000000	1975.000000	-3.944185
625.000000	-1975.000000	1.830949
625.000000	-1925.000000	2.027262
625.000000	-1875.000000	2.510703
625.000000	-1825.000000	3.258668
625.000000	-1775.000000	2.741101
625.000000	-1725.000000	2.162911
625.000000	-1675.000000	1.783142
625.000000	-1625.000000	1.230895
625.000000	-1575.000000	1.991080
625.000000	-1525.000000	3.052877
625.000000	-1475.000000	5.481019
625.000000	-1425.000000	7.351076
625.000000	-1375.000000	8.336896
625.000000	-1325.000000	7.761106
625.000000	-1275.000000	5.467575
625.000000	-1225.000000	3.388020
625.000000	-1175.000000	0.383080
625.000000	-1125.000000	-0.097597
625.000000	775.000000	-5.000000
625.000000	825.000000	0.500476
625.000000	875.000000	3.905746
625.000000	925.000000	1.929536
625.000000	975.000000	1.029875
625.000000	1025.000000	1.013896
625.000000	1075.000000	0.355191
625.000000	1125.000000	0.079995
625.000000	1175.000000	-0.348580
625.000000	1225.000000	-0.876646
625.000000	1275.000000	-1.665325
625.000000	1325.000000	-2.532563
625.000000	1375.000000	-3.096283
625.000000	1425.000000	-4.192521
625.000000	1475.000000	-3.714117
625.000000	1525.000000	-3.831168
625.000000	1575.000000	-2.625510
625.000000	1625.000000	-2.390537
625.000000	1675.000000	-2.013125
625.000000	1725.000000	-2.102365
625.000000	1775.000000	-2.280681
625.000000	1825.000000	-2.992380
625.000000	1875.000000	-3.485539
625.000000	1925.000000	-5.000000
625.000000	1975.000000	-5.000000
675.000000	-1975.000000	1.672720
675.000000	-1925.000000	1.989471
675.000000	-1875.000000	2.572765
675.000000	-1825.000000	3.716012
675.000000	-1775.000000	3.124965
675.000000	-1725.000000	2.433730
675.000000	-1675.000000	2.056294
675.000000	-1625.000000	1.608186
675.000000	-1575.000000	1.704431
675.000000	-1525.000000	3.013047
675.000000	-1475.000000	5.000000
675.000000	-1425.000000	7.564390
675.000000	-1375.000000	7.738514
675.000000	-1325.000000	8.063283
675.000000	-1275.000000	6.124668
675.000000	-1225.000000	5.000000
675.000000	-1175.000000	0.384642
675.000000	-1125.000000	-2.007851
675.000000	725.000000	-5.000000
675.000000	775.000000	0.507177
675.000000	825.000000	4.488390
675.000000	875.000000	2.325250
675.000000	925.000000	1.284126
675.000000	975.000000	1.152139
675.000000	1025.000000	0.657480
675.000000	1075.000000	0.098292
675.000000	1125.000000	-0.538651
675.000000	1175.000000	-1.294996
675.000000	1225.000000	-2.257840
675.000000	1275.000000	-3.234021
675.000000	1325.000000	-3.582834
675.000000	1375.000000	-5.000000
675.000000	1425.000000	-4.723766
675.000000	1475.000000	-4.957022
675.000000	1525.000000	-3.421646
675.000000	1575.000000	-2.858395
675.000000	1625.000000	-2.148401
675.000000	1675.000000	-2.026802
675.000000	1725.000000	-2.061770
675.000000	1775.000000	-2.844657
675.000000	1825.000000	-3.455594
675.000000	1875.000000	-4.801235
675.000000	1925.000000	-6.157194
675.000000	1975.000000	-6.318307
725.000000	-1975.000000	1.445058
725.000000	-1925.000000	1.778201
725.000000	-1875.000000	2.429637
725.000000	-1825.000000	3.535579
725.000000	-1775.000000	2.954358
725.000000	-1725.000000	2.579822
725.000000	-1675.000000	2.058511
725.000000	-1625.000000	1.534574
725.000000	-1575.000000	1.428274
725.000000	-1525.000000	2.235336
725.000000	-1475.000000	3.399569
725.000000	-1425.000000	6.508123
725.000000	-1375.000000	7.030667
725.000000	-1325.000000	7.669028
725.000000	-1275.000000	6.820027
725.000000	-1225.000000	2.696789
725.000000	-1175.000000	-0.097369
725.000000	-1125.000000	-5.000000
725.000000	675.000000	-5.000000
725.000000	725.000000	0.460449
725.000000	775.000000	4.276410
725.000000	825.000000	2.440501
725.000000	875.000000	3.361533
725.000000	925.000000	1.381006
725.000000	975.000000	1.190688
725.000000	1025.000000	0.381350
725.000000	1075.000000	-0.087541
725.000000	1125.000000	-0.627708
725.000000	1175.000000	-1.434052
725.000000	1225.000000	-2.780940
725.000000	1275.000000	-3.725429
725.000000	1325.000000	-5.000000
725.000000	1375.000000	-5.666913
725.000000	1425.000000	-5.924250
725.000000	1475.000000	-4.666029
725.000000	1525.000000	-3.840919
725.000000	1575.000000	-2.691680
725.000000	1625.000000	-2.295705
725.000000	1675.000000	-2.482584
725.000000	1725.000000	-2.556353
725.000000	1775.000000	-3.462692
725.000000	1825.000000	-4.633248
725.000000	1875.000000	-5.450601
725.000000	1925.000000	-6.630865
725.000000	1975.000000	-6.342667
775.000000	-1975.000000	1.173280
775.000000	-1925.000000	1.543554
775.000000	-1875.000000	2.314429
775.000000	-1825.000000	3.121511
775.000000	-1775.000000	2.888753
775.000000	-1725.000000	2.634331
775.000000	-1675.000000	2.263033
775.000000	-1625.000000	1.667320
775.000000	-1575.000000	1.349562
775.000000	-1525.000000	1.839532
775.000000	-1475.000000	2.672173
775.000000	-1425.000000	5.568634
775.000000	-1375.000000	6.658652
775.000000	-1325.000000	8.378969
775.000000	-1275.000000	5.940421
775.000000	-1225.000000	3.803233
775.000000	-1175.000000	-1.187669
775.000000	-1125.000000	-3.040040
775.000000	-1075.000000	-5.000000
775.000000	625.000000	-3.070606
775.000000	675.000000	0.428647
775.000000	725.000000	5.592391
775.000000	775.000000	2.967281
775.000000	825.000000	3.818891
775.000000	875.000000	2.013317
775.000000	925.000000	0.930150
775.000000	975.000000	0.739178
775.000000	1025.000000	0.049792
775.000000	1075.000000	-0.289086
775.000000	1125.000000	-1.091815
775.000000	1175.000000	-2.200038
775.000000	1225.000000	-3.282539
775.000000	1275.000000	-5.000000
775.000000	1325.000000	-5.660453
775.000000	1375.000000	-6.412291
775.000000	1425.000000	-5.730997
775.000000	1475.000000	-5.000000
775.000000	1525.000000	-3.520228
775.000000	1575.000000	-3.095574
775.000000	1625.000000	-2.821753
775.000000	1675.000000	-2.941550
775.000000	1725.000000	-3.467620
775.000000	1775.000000	-3.985500
775.000000	1825.000000	-5.000000
775.000000	1875.000000	-6.027193
775.000000	1925.000000	-6.604883
775.000000	1975.000000	-6.278593
825.000000	-1975.000000	0.877350
825.000000	-1925.000000	1.202750
825.000000	-1875.000000	1.760761
825.000000	-1825.000000	2.460318
825.000000	-1775.000000	2.255665
825.000000	-1725.000000	2.369878
825.000000	-1675.000000	1.912011
825.000000	-1625.000000	1.481590
825.000000	-1575.000000	0.873722
825.000000	-1525.000000	1.268390
825.000000	-1475.000000	1.784468
825.000000	-1425.000000	4.162000
825.000000	-1375.000000	5.274613
825.000000	-1325.000000	7.786692
825.000000	-1275.000000	5.579695
825.000000	-1225.000000	3.349727
825.000000	-1175.000000	-0.949289
825.000000	-1125.000000	-3.263745
825.000000	-1075.000000	-3.599705
825.000000	-1025.000000	-5.000000
825.000000	475.000000	-5.000000
825.000000	525.000000	-5.000000
825.000000	575.000000	-5.000000
825.000000	625.000000	2.778853
825.000000	675.000000	3.405345
825.000000	725.000000	6.312919
825.000000	775.000000	3.399998
825.000000	825.000000	2.081081
825.000000	875.000000	1.924324
825.000000	925.000000	0.850147
825.000000	975.000000	0.636982
825.000000	1025.000000	0.000163
825.000000	1075.000000	-0.477174
825.000000	1125.000000	-1.511637
825.000000	1175.000000	-2.457360
825.000000	1225.000000	-4.445983
825.000000	1275.000000	-5.000000
825.000000	1325.000000	-6.197062
825.000000	1375.000000	-6.067175
825.000000	1425.000000	-5.000000
825.000000	1475.000000	-4.195885
825.000000	1525.000000	-3.581376
825.000000	1575.000000	-3.252076
825.000000	1625.000000	-3.213360
825.000000	1675.000000	-3.909998
825.000000	1725.000000	-4.334436
825.000000	1775.000000	-5.000000
825.000000	1825.000000	-6.408341
825.000000	1875.000000	-6.453851
825.000000	1925.000000	-6.321202
825.000000	1975.000000	-5.965152
875.000000	-1975.000000	0.652132
875.000000	-1925.000000	0.988558
875.000000	-1875.000000	1.526989
875.000000	-1825.000000	1.612950
875.000000	-1775.000000	1.969336
875.000000	-1725.000000	2.050383
875.000000	-1675.000000	1.899873
875.000000	-1625.000000	1.237815
875.000000	-1575.000000	0.959921
875.000000	-1525.000000	0.766667
875.000000	-1475.000000	1.376403
875.000000	-1425.000000	2.580442
875.000000	-1375.000000	5.742910
875.000000	-1325.000000	5.000000
875.000000	-1275.000000	5.000000
875.000000	-1225.000000	4.274498
875.000000	-1175.000000	1.178379
875.000000	-1125.000000	-1.205938
875.000000	-1075.000000	-3.932803
875.000000	-1025.000000	-5.000000
875.000000	-25.000000	-4.803922
875.000000	425.000000	-5.000000
875.000000	475.000000	0.067204
875.000000	525.000000	0.435452
875.000000	575.000000	5.000000
875.000000	625.000000	2.591196
875.000000	675.000000	6.513123
875.000000	725.000000	5.000000
875.000000	775.000000	2.711488
875.000000	825.000000	1.478560
875.000000	875.000000	1.574130
875.000000	925.000000	0.578276
875.000000	975.000000	0.343434
875.000000	1025.000000	-0.307091
875.000000	1075.000000	-0.885391
875.000000	1125.000000	-2.010546
875.000000	1175.000000	-3.775637
875.000000	1225.000000	-4.488015
875.000000	1275.000000	-5.878246
875.000000	1325.000000	-5.794041
875.000000	1375.000000	-5.000000
875.000000	1425.000000	-4.461779
875.000000	1475.000000	-3.862154
875.000000	1525.000000	-3.301075
875.000000	1575.000000	-3.474913
875.000000	1625.000000	-3.925920
875.000000	1675.000000	-4.586077
875.000000	1725.000000	-5.866680
875.000000	1775.000000	-6.100067
875.000000	1825.000000	-7.135091
875.000000	1875.000000	-6.469004
875.000000	1925.000000	-6.011996
875.000000	1975.000000	-5.532061
925.000000	-1975.000000	0.383638
925.000000	-1925.000000	0.696675
925.000000	-1875.000000	1.173213
925.000000	-1825.000000	1.049879
925.000000	-1775.000000	1.227372
925.000000	-1725.000000	1.678767
925.000000	-1675.000000	1.446361
925.000000	-1625.000000	1.027172
925.000000	-1575.000000	0.698178
925.000000	-1525.000000	0.326464
925.000000	-1475.000000	0.761527
925.000000	-1425.000000	1.676389
925.000000	-1375.000000	3.766984
925.000000	-1325.000000	2.663676
925.000000	-1275.000000	3.192126
925.000000	-1225.000000	3.392796
925.000000	-1175.000000	1.262605
925.000000	-1125.000000	-1.903767
925.000000	-1075.000000	-3.188763
925.000000	-1025.000000	-4.885230
925.000000	-975.000000	-15.000000
925.000000	425.000000	-1.102006
925.000000	475.000000	-0.745795
925.000000	525.000000	1.353126
925.000000	575.000000	6.473620
925.000000	625.000000	5.000000
925.000000	675.000000	5.000000
925.000000	725.000000	2.488503
925.000000	775.000000	1.546351
925.000000	825.000000	1.622370
925.000000	875.000000	1.053700
925.000000	925.000000	0.372561
925.000000	975.000000	0.099464
925.000000	1025.000000	-0.563851
925.000000	1075.000000	-1.374332
925.000000	1125.000000	-3.197956
925.000000	1175.000000	-3.944136
925.000000	1225.000000	-5.000000
925.000000	1275.000000	-5.470745
925.000000	1325.000000	-5.000000
925.000000	1375.000000	-4.328891
925.000000	1425.000000	-3.565565
925.000000	1475.000000	-3.085635
925.000000	1525.000000	-3.227095
925.000000	1575.000000	-3.631061
925.000000	1625.000000	-4.500801
925.000000	1675.000000	-5.666862
925.000000	1725.000000	-6.515371
925.000000	1775.000000	-6.982922
925.000000	1825.000000	-7.279009
925.000000	1875.000000	-6.597469
925.000000	1925.000000	-5.486157
925.000000	1975.000000	-4.926202
975.000000	-1975.000000	0.164269
975.000000	-1925.000000	0.364674
975.000000	-1875.000000	0.778317
975.000000	-1825.000000	0.529238
975.000000	-1775.000000	0.920512
975.000000	-1725.000000	1.230393
975.000000	-1675.000000	1.296125
975.000000	-1625.000000	0.867802
975.000000	-1575.000000	0.556654
975.000000	-1525.000000	0.179476
975.000000	-1475.000000	0.348689
975.000000	-1425.000000	0.974660
975.000000	-1375.000000	2.669196
975.000000	-1325.000000	1.724879
975.000000	-1275.000000	2.372776
975.000000	-1225.000000	3.237605
975.000000	-1175.000000	1.846281
975.000000	-1125.000000	-1.247081
975.000000	-1075.000000	-2.860425
975.000000	-1025.000000	-5.000000
975.000000	-975.000000	-15.000000
975.000000	375.000000	-0.534410
975.000000	425.000000	-0.786379
975.000000	475.000000	0.020345
975.000000	525.000000	1.775186
975.000000	575.000000	5.527154
975.000000	625.000000	2.967368
975.000000	675.000000	2.788721
975.000000	725.000000	1.467542
975.000000	775.000000	1.995443
975.000000	825.000000	1.098728
975.000000	875.000000	0.694233
975.000000	925.000000	0.163683
975.000000	975.000000	-0.233497
975.000000	1025.000000	-1.016042
975.000000	1075.000000	-2.299640
975.000000	1125.000000	-3.518584
975.000000	1175.000000	-5.000000
975.000000	1225.000000	-5.348641
975.000000	1275.000000	-5.000000
975.000000	1325.000000	-4.531183
975.000000	1375.000000	-3.421588
975.000000	1425.000000	-2.784623
975.000000	1475.000000	-2.780396
975.000000	1525.000000	-3.007674
975.000000	1575.000000	-3.883394
975.000000	1625.000000	-4.866580
975.000000	1675.000000	-6.164256
975.000000	1725.000000	-7.141514
975.000000	1775.000000	-7.216592
975.000000	1825.000000	-7.442127
975.000000	1875.000000	-6.367126
975.000000	1925.000000	-4.882579
975.000000	1975.000000	-4.329779
1025.000000	-1975.000000	-0.072004
1025.000000	-1925.000000	0.080647
1025.000000	-1875.000000	0.301377
1025.000000	-1825.000000	0.119733
1025.000000	-1775.000000	0.348847
1025.000000	-1725.000000	0.899555
1025.000000	-1675.000000	0.815213
1025.000000	-1625.000000	0.697191
1025.000000	-1575.000000	0.312164
1025.000000	-1525.000000	0.057607
1025.000000	-1475.000000	-0.067562
1025.000000	-1425.000000	0.589635
1025.000000	-1375.000000	1.831159
1025.000000	-1325.000000	1.218686
1025.000000	-1275.000000	1.953705
1025.000000	-1225.000000	3.113332
1025.000000	-1175.000000	2.475452
1025.000000	-1125.000000	-0.780463
1025.000000	-1075.000000	-3.321361
1025.000000	-1025.000000	-5.000000
1025.000000	-975.000000	-15.000000
1025.000000	-925.000000	-15.000000
1025.000000	375.000000	1.811235
1025.000000	425.000000	-1.036525
1025.000000	475.000000	0.554508
1025.000000	525.000000	1.765556
1025.000000	575.000000	5.000000
1025.000000	625.000000	2.542504
1025.000000	675.000000	2.362378
1025.000000	725.000000	1.156171
1025.000000	775.000000	1.671856
1025.000000	825.000000	0.707047
1025.000000	875.000000	0.487445
1025.000000	925.000000	-0.248854
1025.000000	975.000000	-0.675500
1025.000000	1025.000000	-1.657989
1025.000000	1075.000000	-2.624430
1025.000000	1125.000000	-4.251602
1025.000000	1175.000000	-4.783446
1025.000000	1225.000000	-5.000000
1025.000000	1275.000000	-4.573024
1025.000000	1325.000000	-3.788245
1025.000000	1375.000000	-2.939363
1025.000000	1425.000000	-2.415613
1025.000000	1475.000000	-2.537279
1025.000000	1525.000000	-3.086262
1025.000000	1575.000000	-3.981070
1025.000000	1625.000000	-5.000000
1025.000000	1675.000000	-6.471943
1025.000000	1725.000000	-7.507426
1025.000000	1775.000000	-7.483475
1025.000000	1825.000000	-7.322572
1025.000000	1875.000000	-6.217421
1025.000000	1925.000000	-4.302273
1025.000000	1975.000000	-3.859302
1075.000000	-1975.000000	-0.508422
1075.000000	-1925.000000	-0.261033
1075.000000	-1875.000000	-0.052203
1075.000000	-1825.000000	-0.293189
1075.000000	-1775.000000	0.026251
1075.000000	-1725.000000	0.322938
1075.000000	-1675.000000	0.571466
1075.000000	-1625.000000	0.423661
1075.000000	-1575.000000	0.295256
1075.000000	-1525.000000	-0.106580
1075.000000	-1475.000000	-0.169583
1075.000000	-1425.000000	-0.015263
1075.000000	-1375.000000	1.076514
1075.000000	-1325.000000	0.866870
1075.000000	-1275.000000	1.526413
1075.000000	-1225.000000	2.678595
1075.000000	-1175.000000	2.765571
1075.000000	-1125.000000	0.241565
1075.000000	-1075.000000	-3.609133
1075.000000	-1025.000000	-7.823946
1075.000000	-975.000000	-9.344252
1075.000000	-925.000000	-9.864433
1075.000000	-875.000000	-10.029143
1075.000000	325.000000	-5.000000
1075.000000	375.000000	1.186336
1075.000000	425.000000	-1.065961
1075.000000	475.000000	0.616136
1075.000000	525.000000	1.197423
1075.000000	575.000000	3.849343
1075.000000	625.000000	1.881096
1075.000000	675.000000	1.564306
1075.000000	725.000000	1.637764
1075.000000	775.000000	0.942505
1075.000000	825.000000	0.570138
1075.000000	875.000000	-0.105269
1075.000000	925.000000	-0.476280
1075.000000	975.000000	-1.043019
1075.000000	1025.000000	-2.141285
1075.000000	1075.000000	-3.056998
1075.000000	1125.000000	-4.500893
1075.000000	1175.000000	-4.807925
1075.000000	1225.000000	-4.630844
1075.000000	1275.000000	-3.762189
1075.000000	1325.000000	-3.238700
1075.000000	1375.000000	-2.415524
1075.000000	1425.000000	-2.220844
1075.000000	1475.000000	-2.461698
1075.000000	1525.000000	-3.132267
1075.000000	1575.000000	-4.214597
1075.000000	1625.000000	-5.000000
1075.000000	1675.000000	-6.758881
1075.000000	1725.000000	-7.625091
1075.000000	1775.000000	-7.402506
1075.000000	1825.000000	-7.125243
1075.000000	1875.000000	-5.000000
1075.000000	1925.000000	-3.740323
1075.000000	1975.000000	-3.415383
1125.000000	-1975.000000	-0.876512
1125.000000	-1925.000000	-0.579938
1125.000000	-1875.000000	-0.427505
1125.000000	-1825.000000	-0.643828
1125.000000	-1775.000000	-0.349275
1125.000000	-1725.000000	0.074052
1125.000000	-1675.000000	0.111372
1125.000000	-1625.000000	0.203897
1125.000000	-1575.000000	0.039214
1125.000000	-1525.000000	-0.162117
1125.000000	-1475.000000	-0.581075
1125.000000	-1425.000000	-0.007143
1125.000000	-1375.000000	0.615393
1125.000000	-1325.000000	0.448050
1125.000000	-1275.000000	1.214950
1125.000000	-1225.000000	2.219389
1125.000000	-1175.000000	2.955114
1125.000000	-1125.000000	1.146392
1125.000000	-1075.000000	-2.433798
1125.000000	-1025.000000	-7.511783
1125.000000	-975.000000	-9.363971
1125.000000	-925.000000	-9.772410
1125.000000	-875.000000	-10.172175
1125.000000	-825.000000	-9.061423
1125.000000	-775.000000	-11.888322
1125.000000	-725.000000	-15.000000
1125.000000	325.000000	-4.576091
1125.000000	375.000000	0.834998
1125.000000	425.000000	0.459646
1125.000000	475.000000	0.888722
1125.000000	525.000000	1.008178
1125.000000	575.000000	3.041019
1125.000000	625.000000	1.136682
1125.000000	675.000000	2.244555
1125.000000	725.000000	1.043306
1125.000000	775.000000	0.746829
1125.000000	825.000000	-0.051007
1125.000000	875.000000	-0.361174
1125.000000	925.000000	-0.952677
1125.000000	975.000000	-1.588652
1125.000000	1025.000000	-2.668004
1125.000000	1075.000000	-3.762063
1125.000000	1125.000000	-4.479810
1125.000000	1175.000000	-4.237893
1125.000000	1225.000000	-3.825140
1125.000000	1275.000000	-2.984669
1125.000000	1325.000000	-2.709348
1125.000000	1375.000000	-2.133124
1125.000000	1425.000000	-2.136553
1125.000000	1475.000000	-2.516225
1125.000000	1525.000000	-3.201619
1125.000000	1575.000000	-4.370369
1125.000000	1625.000000	-5.885908
1125.000000	1675.000000	-6.829476
1125.000000	1725.000000	-7.661110
1125.000000	1775.000000	-7.310812
1125.000000	1825.000000	-6.803424
1125.000000	1875.000000	-5.000000
1125.000000	1925.000000	-3.377601
1125.000000	1975.000000	-3.155466
1175.000000	-1975.000000	-1.196970
1175.000000	-1925.000000	-1.043526
1175.000000	-1875.000000	-0.876603
1175.000000	-1825.000000	-1.108340
1175.000000	-1775.000000	-0.712587
1175.000000	-1725.000000	-0.408114
1175.000000	-1675.000000	-0.109345
1175.000000	-1625.000000	-0.018749
1175.000000	-1575.000000	-0.054115
1175.000000	-1525.000000	-0.545552
1175.000000	-1475.000000	-0.734535
1175.000000	-1425.000000	-0.658480
1175.000000	-1375.000000	0.300080
1175.000000	-1325.000000	0.795922
1175.000000	-1275.000000	0.481753
1175.000000	-1225.000000	1.231809
1175.000000	-1175.000000	2.392922
1175.000000	-1125.000000	2.227297
1175.000000	-1075.000000	-0.503686
1175.000000	-1025.000000	-5.000000
1175.000000	-975.000000	-8.743928
1175.000000	-925.000000	-9.724797
1175.000000	-875.000000	-10.170751
1175.000000	-825.000000	-9.855181
1175.000000	-775.000000	-10.270007
1175.000000	-725.000000	-15.000000
1175.000000	-325.000000	-15.000000
1175.000000	-275.000000	-15.000000
1175.000000	-225.000000	-15.000000
1175.000000	275.000000	-5.000000
1175.000000	325.000000	5.000000
1175.000000	375.000000	2.018333
1175.000000	425.000000	1.688888
1175.000000	475.000000	1.185873
1175.000000	525.000000	1.103838
1175.000000	575.000000	3.251332
1175.000000	625.000000	1.339712
1175.000000	675.000000	1.924418
1175.000000	725.000000	0.939563
1175.000000	775.000000	0.211013
1175.000000	825.000000	-0.129848
1175.000000	875.000000	-0.607524
1175.000000	925.000000	-1.147130
1175.000000	975.000000	-1.813827
1175.000000	1025.000000	-3.207485
1175.000000	1075.000000	-3.644903
1175.000000	1125.000000	-4.334845
1175.000000	1175.000000	-3.780921
1175.000000	1225.000000	-3.185986
1175.000000	1275.000000	-2.534080
1175.000000	1325.000000	-2.290658
1175.000000	1375.000000	-1.993576
1175.000000	1425.000000	-2.104765
1175.000000	1475.000000	-2.607479
1175.000000	1525.000000	-3.280370
1175.000000	1575.000000	-4.411692
1175.000000	1625.000000	-5.891946
1175.000000	1675.000000	-6.835362
1175.000000	1725.000000	-7.477976
1175.000000	1775.000000	-7.050912
1175.000000	1825.000000	-6.361759
1175.000000	1875.000000	-4.943424
1175.000000	1925.000000	-2.972756
1175.000000	1975.000000	-2.835662
1225.000000	-1975.000000	-1.423382
1225.000000	-1925.000000	-1.460093
1225.000000	-1875.000000	-1.484209
1225.000000	-1825.000000	-1.582642
1225.000000	-1775.000000	-1.267876
1225.000000	-1725.000000	-0.809797
1225.000000	-1675.000000	-0.622458
1225.000000	-1625.000000	-0.261960
1225.000000	-1575.000000	-0.466157
1225.000000	-1525.000000	-0.687074
1225.000000	-1475.000000	-1.014528
1225.000000	-1425.000000	-0.703570
1225.000000	-1375.000000	-0.344219
1225.000000	-1325.000000	0.529872
1225.000000	-1275.000000	1.559359
1225.000000	-1225.000000	0.982454
1225.000000	-1175.000000	1.736239
1225.000000	-1125.000000	2.130141
1225.000000	-1075.000000	0.168428
1225.000000	-1025.000000	-4.357431
1225.000000	-975.000000	-8.362400
1225.000000	-925.000000	-9.659162
1225.000000	-875.000000	-10.434421
1225.000000	-825.000000	-10.465566
1225.000000	-775.000000	-15.000000
1225.000000	-475.000000	-14.996107
1225.000000	-425.000000	-15.000000
1225.000000	-375.000000	-15.000000
1225.000000	-325.000000	-8.677345
1225.000000	-275.000000	-5.620085
1225.000000	-225.000000	-4.620941
1225.000000	-175.000000	-1.958106
1225.000000	-125.000000	-14.447793
1225.000000	175.000000	-5.000000
1225.000000	225.000000	1.615569
1225.000000	275.000000	6.175083
1225.000000	325.000000	8.176305
1225.000000	375.000000	5.000000
1225.000000	425.000000	2.520581
1225.000000	475.000000	4.974223
1225.000000	525.000000	2.369633
1225.000000	575.000000	1.815102
1225.000000	625.000000	0.746796
1225.000000	675.000000	1.251417
1225.000000	725.000000	0.554872
1225.000000	775.000000	0.029699
1225.000000	825.000000	-0.339180
1225.000000	875.000000	-0.847053
1225.000000	925.000000	-1.554973
1225.000000	975.000000	-2.270170
1225.000000	1025.000000	-3.352681
1225.000000	1075.000000	-3.685418
1225.000000	1125.000000	-3.817818
1225.000000	1175.000000	-3.179495
1225.000000	1225.000000	-2.569917
1225.000000	1275.000000	-1.999660
1225.000000	1325.000000	-1.968592
1225.000000	1375.000000	-1.821244
1225.000000	1425.000000	-2.156879
1225.000000	1475.000000	-2.685069
1225.000000	1525.000000	-3.370145
1225.000000	1575.000000	-4.442943
1225.000000	1625.000000	-5.901355
1225.000000	1675.000000	-6.645808
1225.000000	1725.000000	-7.219822
1225.000000	1775.000000	-6.665945
1225.000000	1825.000000	-5.769331
1225.000000	1875.000000	-4.485076
1225.000000	1925.000000	-2.679384
1225.000000	1975.000000	-2.620529
1275.000000	-1975.000000	-1.637336
1275.000000	-1925.000000	-2.153055
1275.000000	-1875.000000	-2.135649
1275.000000	-1825.000000	-2.236841
1275.000000	-1775.000000	-1.900952
1275.000000	-1725.000000	-1.285533
1275.000000	-1675.000000	-1.033925
1275.000000	-1625.000000	-0.742721
1275.000000	-1575.000000	-0.764855
1275.000000	-1525.000000	-1.122643
1275.000000	-1475.000000	-1.215829
1275.000000	-1425.000000	-1.184877
1275.000000	-1375.000000	-0.619260
1275.000000	-1325.000000	-0.529951
1275.000000	-1275.000000	0.519426
1275.000000	-1225.000000	0.916116
1275.000000	-1175.000000	1.678015
1275.000000	-1125.000000	5.104808
1275.000000	-1075.000000	0.890230
1275.000000	-1025.000000	-3.629885
1275.000000	-975.000000	-5.000000
1275.000000	-925.000000	-8.404135
1275.000000	-875.000000	-10.189637
1275.000000	-825.000000	-15.000000
1275.000000	-525.000000	-15.000000
1275.000000	-475.000000	-6.261182
1275.000000	-425.000000	-10.471753
1275.000000	-375.000000	-11.715154
1275.000000	-325.000000	-5.000000
1275.000000	-275.000000	-5.000000
1275.000000	-225.000000	-3.822496
1275.000000	-175.000000	-2.053665
1275.000000	-125.000000	-5.000000
1275.000000	-75.000000	-15.000000
1275.000000	-25.000000	-5.000000
1275.000000	25.000000	-15.000000
1275.000000	75.000000	5.000000
1275.000000	125.000000	10.667535
1275.000000	175.000000	5.568106
1275.000000	225.000000	5.000000
1275.000000	275.000000	7.804245
1275.000000	325.000000	8.209252
1275.000000	375.000000	7.437420
1275.000000	425.000000	5.000000
1275.000000	475.000000	3.251452
1275.000000	525.000000	1.784540
1275.000000	575.000000	1.201618
1275.000000	625.000000	1.202380
1275.000000	675.000000	0.968577
1275.000000	725.000000	0.462711
1275.000000	775.000000	-0.143828
1275.000000	825.000000	-0.510856
1275.000000	875.000000	-1.068968
1275.000000	925.000000	-1.767404
1275.000000	975.000000	-2.408516
1275.000000	1025.000000	-3.325376
1275.000000	1075.000000	-3.396478
1275.000000	1125.000000	-3.432443
1275.000000	1175.000000	-2.750221
1275.000000	1225.000000	-2.118482
1275.000000	1275.000000	-1.745279
1275.000000	1325.000000	-1.652899
1275.000000	1375.000000	-1.784035
1275.000000	1425.000000	-2.122704
1275.000000	1475.000000	-2.792001
1275.000000	1525.000000	-3.392667
1275.000000	1575.000000	-4.380091
1275.000000	1625.000000	-5.670140
1275.000000	1675.000000	-6.401301
1275.000000	1725.000000	-6.772906
1275.000000	1775.000000	-6.242215
1275.000000	1825.000000	-5.000000
1275.000000	1875.000000	-4.048738
1275.000000	1925.000000	-2.366748
1275.000000	1975.000000	-2.388531
1325.000000	-1975.000000	-1.977244
1325.000000	-1925.000000	-2.685660
1325.000000	-1875.000000	-3.105511
1325.000000	-1825.000000	-3.094023
1325.000000	-1775.000000	-3.034051
1325.000000	-1725.000000	-2.185752
1325.000000	-1675.000000	-1.964402
1325.000000	-1625.000000	-1.176917
1325.000000	-1575.000000	-1.572955
1325.000000	-1525.000000	-1.422347
1325.000000	-1475.000000	-1.824465
1325.000000	-1425.000000	-1.257015
1325.000000	-1375.000000	-1.057969
1325.000000	-1325.000000	-0.341845
1325.000000	-1275.000000	-0.259441
1325.000000	-1225.000000	0.461436
1325.000000	-1175.000000	2.439271
1325.000000	-1125.000000	1.055182
1325.000000	-1075.000000	-1.020693
1325.000000	-1025.000000	-1.173438
1325.000000	-975.000000	-3.381642
1325.000000	-925.000000	-7.962450
1325.000000	-875.000000	-11.378376
1325.000000	-825.000000	-14.712741
1325.000000	-725.000000	-14.818164
1325.000000	-625.000000	-25.000000
1325.000000	-525.000000	-14.894254
1325.000000	-475.000000	-8.227264
1325.000000	-425.000000	-14.142994
1325.000000	-375.000000	-5.000000
1325.000000	-325.000000	-0.976850
1325.000000	-275.000000	-1.914410
1325.000000	-225.000000	0.120270
1325.000000	-175.000000	2.470598
1325.000000	-125.000000	-1.514887
1325.000000	-75.000000	-2.407365
1325.000000	-25.000000	-1.567046
1325.000000	25.000000	-0.760984
1325.000000	75.000000	1.669089
1325.000000	125.000000	8.284062
1325.000000	175.000000	8.275549
1325.000000	225.000000	8.578756
1325.000000	275.000000	8.984534
1325.000000	325.000000	8.194955
1325.000000	375.000000	6.378992
1325.000000	425.000000	5.203272
1325.000000	475.000000	3.556516
1325.000000	525.000000	1.607587
1325.000000	575.000000	0.734487
1325.000000	625.000000	0.769316
1325.000000	675.000000	0.515397
1325.000000	725.000000	0.161322
1325.000000	775.000000	-0.312575
1325.000000	825.000000	-0.685009
1325.000000	875.000000	-1.332427
1325.000000	925.000000	-2.005364
1325.000000	975.000000	-2.599220
1325.000000	1025.000000	-3.189926
1325.000000	1075.000000	-3.218498
1325.000000	1125.000000	-2.990099
1325.000000	1175.000000	-2.329722
1325.000000	1225.000000	-1.726944
1325.000000	1275.000000	-1.393703
1325.000000	1325.000000	-1.477985
1325.000000	1375.000000	-1.635646
1325.000000	1425.000000	-2.147150
1325.000000	1475.000000	-2.768776
1325.000000	1525.000000	-3.408942
1325.000000	1575.000000	-4.210284
1325.000000	1625.000000	-5.000000
1325.000000	1675.000000	-5.936250
1325.000000	1725.000000	-6.276280
1325.000000	1775.000000	-5.000000
1325.000000	1825.000000	-4.314013
1325.000000	1875.000000	-3.583105
1325.000000	1925.000000	-2.123491
1325.000000	1975.000000	-2.173685
1375.000000	-1975.000000	-2.465506
1375.000000	-1925.000000	-3.344118
1375.000000	-1875.000000	-3.850676
1375.000000	-1825.000000	-4.039406
1375.000000	-1775.000000	-3.970416
1375.000000	-1725.000000	-3.066242
1375.000000	-1675.000000	-2.635443
1375.000000	-1625.000000	-1.734553
1375.000000	-1575.000000	-2.084047
1375.000000	-1525.000000	-2.179014
1375.000000	-1475.000000	-2.490877
1375.000000	-1425.000000	-2.300238
1375.000000	-1375.000000	-1.622284
1375.000000	-1325.000000	-1.235231
1375.000000	-1275.000000	-0.371912
1375.000000	-1225.000000	-0.871575
1375.000000	-1175.000000	-0.143004
1375.000000	-1125.000000	0.580521
1375.000000	-1075.000000	0.402207
1375.000000	-1025.000000	-0.482841
1375.000000	-975.000000	-1.979639
1375.000000	-925.000000	-5.000000
1375.000000	-875.000000	-9.848481
1375.000000	-825.000000	-12.903213
1375.000000	-775.000000	-15.000000
1375.000000	-725.000000	-16.351397
1375.000000	-675.000000	-17.005595
1375.000000	-625.000000	-17.405035
1375.000000	-575.000000	-15.000000
1375.000000	-525.000000	-8.623213
1375.000000	-475.000000	-7.676838
1375.000000	-425.000000	-15.000000
1375.000000	-375.000000	-4.678515
1375.000000	-325.000000	-0.872159
1375.000000	-275.000000	-1.361587
1375.000000	-225.000000	-1.504635
1375.000000	-175.000000	-5.000000
1375.000000	-125.000000	-5.000000
1375.000000	-75.000000	-5.000000
1375.000000	-25.000000	-2.611166
1375.000000	25.000000	-0.180719
1375.000000	75.000000	2.127773
1375.000000	125.000000	5.331835
1375.000000	175.000000	6.577066
1375.000000	225.000000	7.183861
1375.000000	275.000000	7.220852
1375.000000	325.000000	6.371872
1375.000000	375.000000	5.000000
1375.000000	425.000000	3.195272
1375.000000	475.000000	1.817854
1375.000000	525.000000	0.796643
1375.000000	575.000000	1.113143
1375.000000	625.000000	0.620538
1375.000000	675.000000	0.465386
1375.000000	725.000000	0.010792
1375.000000	775.000000	-0.332846
1375.000000	825.000000	-0.761019
1375.000000	875.000000	-1.355770
1375.000000	925.000000	-2.002411
1375.000000	975.000000	-2.509878
1375.000000	1025.000000	-2.961318
1375.000000	1075.000000	-2.854880
1375.000000	1125.000000	-2.650476
1375.000000	1175.000000	-2.069616
1375.000000	1225.000000	-1.475306
1375.000000	1275.000000	-1.206365
1375.000000	1325.000000	-1.255881
1375.000000	1375.000000	-1.628026
1375.000000	1425.000000	-2.111271
1375.000000	1475.000000	-2.755324
1375.000000	1525.000000	-3.291088
1375.000000	1575.000000	-3.996769
1375.000000	1625.000000	-4.907897
1375.000000	1675.000000	-5.000000
1375.000000	1725.000000	-5.486459
1375.000000	1775.000000	-4.864673
1375.000000	1825.000000	-3.594034
1375.000000	1875.000000	-3.211997
1375.000000	1925.000000	-1.862495
1375.000000	1975.000000	-1.976191
1425.000000	-1975.000000	-2.904335
1425.000000	-1925.000000	-3.763051
1425.000000	-1875.000000	-5.000000
1425.000000	-1825.000000	-5.000000
1425.000000	-1775.000000	-5.000000
1425.000000	-1725.000000	-4.728071
1425.000000	-1675.000000	-3.745065
1425.000000	-1625.000000	-2.329700
1425.000000	-1575.000000	-2.917221
1425.000000	-1525.000000	-2.646250
1425.000000	-1475.000000	-3.401704
1425.000000	-1425.000000	-2.634313
1425.000000	-1375.000000	-2.360231
1425.000000	-1325.000000	-1.185112
1425.000000	-1275.000000	-1.140920
1425.000000	-1225.000000	-0.208167
1425.000000	-1175.000000	-0.990388
1425.000000	-1125.000000	-0.569194
1425.000000	-1075.000000	-0.455871
1425.000000	-1025.000000	-0.617262
1425.000000	-975.000000	-1.689666
1425.000000	-925.000000	-4.676107
1425.000000	-875.000000	-8.740587
1425.000000	-825.000000	-11.256503
1425.000000	-775.000000	-14.303279
1425.000000	-725.000000	-15.000000
1425.000000	-675.000000	-18.244610
1425.000000	-625.000000	-16.717492
1425.000000	-575.000000	-15.000000
1425.000000	-525.000000	-5.000000
1425.000000	-475.000000	-4.086071
1425.000000	-425.000000	-11.765458
1425.000000	-375.000000	-3.788765
1425.000000	-325.000000	-2.113098
1425.000000	-275.000000	-2.477560
1425.000000	-225.000000	-3.409693
1425.000000	-175.000000	-4.255237
1425.000000	-125.000000	-1.934258
1425.000000	-75.000000	0.524887
1425.000000	-25.000000	3.679832
1425.000000	25.000000	2.805111
1425.000000	75.000000	4.325864
1425.000000	125.000000	5.660102
1425.000000	175.000000	5.975909
1425.000000	225.000000	6.541107
1425.000000	275.000000	6.371477
1425.000000	325.000000	5.515493
1425.000000	375.000000	4.122031
1425.000000	425.000000	2.776975
1425.000000	475.000000	1.663357
1425.000000	525.000000	0.847075
1425.000000	575.000000	0.955161
1425.000000	625.000000	0.376853
1425.000000	675.000000	0.251368
1425.000000	725.000000	-0.125427
1425.000000	775.000000	-0.449222
1425.000000	825.000000	-0.889593
1425.000000	875.000000	-1.431527
1425.000000	925.000000	-1.981260
1425.000000	975.000000	-2.482093
1425.000000	1025.000000	-2.755422
1425.000000	1075.000000	-2.635693
1425.000000	1125.000000	-2.270634
1425.000000	1175.000000	-1.685869
1425.000000	1225.000000	-1.202689
1425.000000	1275.000000	-0.975697
1425.000000	1325.000000	-1.044331
1425.000000	1375.000000	-1.433764
1425.000000	1425.000000	-2.059095
1425.000000	1475.000000	-2.693165
1425.000000	1525.000000	-3.195405
1425.000000	1575.000000	-3.671262
1425.000000	1625.000000	-4.410102
1425.000000	1675.000000	-4.559372
1425.000000	1725.000000	-4.702701
1425.000000	1775.000000	-3.967182
1425.000000	1825.000000	-3.077797
1425.000000	1875.000000	-2.730304
1425.000000	1925.000000	-1.581024
1425.000000	1975.000000	-1.707101
1475.000000	-1975.000000	-3.372304
1475.000000	-1925.000000	-4.648765
1475.000000	-1875.000000	-5.947174
1475.000000	-1825.000000	-6.335696
1475.000000	-1775.000000	-6.338962
1475.000000	-1725.000000	-6.014308
1475.000000	-1675.000000	-4.915997
1475.000000	-1625.000000	-3.309986
1475.000000	-1575.000000	-3.518850
1475.000000	-1525.000000	-3.717450
1475.000000	-1475.000000	-4.655344
1475.000000	-1425.000000	-4.535523
1475.000000	-1375.000000	-4.204453
1475.000000	-1325.000000	-2.509486
1475.000000	-1275.000000	-1.368822
1475.000000	-1225.000000	-0.909139
1475.000000	-1175.000000	-0.194232
1475.000000	-1125.000000	-0.930487
1475.000000	-1075.000000	-1.542493
1475.000000	-1025.000000	0.447418
1475.000000	-975.000000	-1.180980
1475.000000	-925.000000	-5.000000
1475.000000	-875.000000	-6.062559
1475.000000	-825.000000	-8.561164
1475.000000	-775.000000	-11.102752
1475.000000	-725.000000	-11.840986
1475.000000	-675.000000	-15.000000
1475.000000	-625.000000	-15.000000
1475.000000	-575.000000	-15.000000
1475.000000	-525.000000	-2.408497
1475.000000	-475.000000	-0.557160
1475.000000	-425.000000	-5.000000
1475.000000	-375.000000	-2.186226
1475.000000	-325.000000	-1.901068
1475.000000	-275.000000	-2.729316
1475.000000	-225.000000	-3.524778
1475.000000	-175.000000	-4.693066
1475.000000	-125.000000	-1.823249
1475.000000	-75.000000	1.374498
1475.000000	-25.000000	0.802720
1475.000000	25.000000	1.925020
1475.000000	75.000000	3.491524
1475.000000	125.000000	5.218350
1475.000000	175.000000	5.844441
1475.000000	225.000000	5.993342
1475.000000	275.000000	5.634968
1475.000000	325.000000	5.000000
1475.000000	375.000000	3.906975
1475.000000	425.000000	2.471093
1475.000000	475.000000	1.166461
1475.000000	525.000000	0.761654
1475.000000	575.000000	0.737028
1475.000000	625.000000	0.185828
1475.000000	675.000000	0.118000
1475.000000	725.000000	-0.256208
1475.000000	775.000000	-0.538939
1475.000000	825.000000	-0.983140
1475.000000	875.000000	-1.491485
1475.000000	925.000000	-1.941631
1475.000000	975.000000	-2.297835
1475.000000	1025.000000	-2.464471
1475.000000	1075.000000	-2.257324
1475.000000	1125.000000	-1.935441
1475.000000	1175.000000	-1.452233
1475.000000	1225.000000	-1.012705
1475.000000	1275.000000	-0.814940
1475.000000	1325.000000	-0.882522
1475.000000	1375.000000	-1.326376
1475.000000	1425.000000	-1.908346
1475.000000	1475.000000	-2.453526
1475.000000	1525.000000	-2.908443
1475.000000	1575.000000	-3.313187
1475.000000	1625.000000	-3.840967
1475.000000	1675.000000	-3.863661
1475.000000	1725.000000	-3.821851
1475.000000	1775.000000	-3.315401
1475.000000	1825.000000	-2.565394
1475.000000	1875.000000	-2.385068
1475.000000	1925.000000	-1.350819
1475.000000	1975.000000	-1.471210
1525.000000	-1975.000000	-4.101311
1525.000000	-1925.000000	-5.000000
1525.000000	-1875.000000	-6.842910
1525.000000	-1825.000000	-7.286366
1525.000000	-1775.000000	-7.355817
1525.000000	-1725.000000	-6.973699
1525.000000	-1675.000000	-5.000000
1525.000000	-1625.000000	-3.772244
1525.000000	-1575.000000	-4.304816
1525.000000	-1525.000000	-4.099874
1525.000000	-1475.000000	-5.000000
1525.000000	-1425.000000	-5.000000
1525.000000	-1375.000000	-5.000000
1525.000000	-1325.000000	-3.871636
1525.000000	-1275.000000	-3.694912
1525.000000	-1225.000000	-2.000750
1525.000000	-1175.000000	-1.331788
1525.000000	-1125.000000	-1.218858
1525.000000	-1075.000000	-1.144116
1525.000000	-1025.000000	-0.703511
1525.000000	-975.000000	-0.810162
1525.000000	-925.000000	-2.457905
1525.000000	-875.000000	-5.000000
1525.000000	-825.000000	-8.607387
1525.000000	-775.000000	-10.867457
1525.000000	-725.000000	-11.826756
1525.000000	-675.000000	-13.638517
1525.000000	-625.000000	-12.029151
1525.000000	-575.000000	-5.000000
1525.000000	-525.000000	0.442467
1525.000000	-475.000000	-1.316800
1525.000000	-425.000000	-5.000000
1525.000000	-375.000000	0.148847
1525.000000	-325.000000	-0.697737
1525.000000	-275.000000	-1.568400
1525.000000	-225.000000	-2.121772
1525.000000	-175.000000	-2.318468
1525.000000	-125.000000	-0.709334
1525.000000	-75.000000	2.333846
1525.000000	-25.000000	2.279135
1525.000000	25.000000	6.570516
1525.000000	75.000000	5.484827
1525.000000	125.000000	6.672572
1525.000000	175.000000	6.138199
1525.000000	225.000000	5.864617
1525.000000	275.000000	5.000000
1525.000000	325.000000	4.243467
1525.000000	375.000000	3.277340
1525.000000	425.000000	2.038473
1525.000000	475.000000	1.172607
1525.000000	525.000000	1.053657
1525.000000	575.000000	0.577130
1525.000000	625.000000	0.268660
1525.000000	675.000000	-0.019309
1525.000000	725.000000	-0.263735
1525.000000	775.000000	-0.622200
1525.000000	825.000000	-1.100582
1525.000000	875.000000	-1.603071
1525.000000	925.000000	-1.996732
1525.000000	975.000000	-2.227362
1525.000000	1025.000000	-2.215560
1525.000000	1075.000000	-1.955801
1525.000000	1125.000000	-1.594158
1525.000000	1175.000000	-1.245340
1525.000000	1225.000000	-0.837920
1525.000000	1275.000000	-0.651444
1525.000000	1325.000000	-0.707191
1525.000000	1375.000000	-1.207010
1525.000000	1425.000000	-1.770724
1525.000000	1475.000000	-2.275665
1525.000000	1525.000000	-2.671473
1525.000000	1575.000000	-2.841882
1525.000000	1625.000000	-3.222622
1525.000000	1675.000000	-3.173123
1525.000000	1725.000000	-3.097835
1525.000000	1775.000000	-2.698907
1525.000000	1825.000000	-2.109001
1525.000000	1875.000000	-1.960593
1525.000000	1925.000000	-1.056306
1525.000000	1975.000000	-1.166012
1575.000000	-1975.000000	-4.461761
1575.000000	-1925.000000	-5.930512
1575.000000	-1875.000000	-7.124671
1575.000000	-1825.000000	-7.681194
1575.000000	-1775.000000	-7.772140
1575.000000	-1725.000000	-7.523419
1575.000000	-1675.000000	-6.435337
1575.000000	-1625.000000	-4.484856
1575.000000	-1575.000000	-4.147098
1575.000000	-1525.000000	-4.948976
1575.000000	-1475.000000	-6.143619
1575.000000	-1425.000000	-6.640578
1575.000000	-1375.000000	-7.010477
1575.000000	-1325.000000	-5.000000
1575.000000	-1275.000000	-5.000000
1575.000000	-1225.000000	-2.694639
1575.000000	-1175.000000	-3.529245
1575.000000	-1125.000000	-2.467384
1575.000000	-1075.000000	-1.642717
1575.000000	-1025.000000	-0.898349
1575.000000	-975.000000	-1.095907
1575.000000	-925.000000	-2.149986
1575.000000	-875.000000	-3.517221
1575.000000	-825.000000	-7.188541
1575.000000	-775.000000	-9.879490
1575.000000	-725.000000	-11.058358
1575.000000	-675.000000	-12.023942
1575.000000	-625.000000	-11.067171
1575.000000	-575.000000	-0.391368
1575.000000	-525.000000	7.256637
1575.000000	-475.000000	-5.000000
1575.000000	-425.000000	-5.000000
1575.000000	-375.000000	0.994816
1575.000000	-325.000000	0.838961
1575.000000	-275.000000	-0.608809
1575.000000	-225.000000	-0.883461
1575.000000	-175.000000	-0.964372
1575.000000	-125.000000	0.354055
1575.000000	-75.000000	3.769441
1575.000000	-25.000000	4.473321
1575.000000	25.000000	5.266248
1575.000000	75.000000	5.444301
1575.000000	125.000000	5.870013
1575.000000	175.000000	6.404730
1575.000000	225.000000	5.986003
1575.000000	275.000000	5.000000
1575.000000	325.000000	4.839880
1575.000000	375.000000	4.082927
1575.000000	425.000000	2.239093
1575.000000	475.000000	1.588164
1575.000000	525.000000	0.907564
1575.000000	575.000000	0.277306
1575.000000	625.000000	0.064523
1575.000000	675.000000	-0.122276
1575.000000	725.000000	-0.299514
1575.000000	775.000000	-0.593269
1575.000000	825.000000	-1.091209
1575.000000	875.000000	-1.580891
1575.000000	925.000000	-1.979699
1575.000000	975.000000	-2.136823
1575.000000	1025.000000	-1.966679
1575.000000	1075.000000	-1.539542
1575.000000	1125.000000	-1.248095
1575.000000	1175.000000	-0.971583
1575.000000	1225.000000	-0.610471
1575.000000	1275.000000	-0.461904
1575.000000	1325.000000	-0.528128
1575.000000	1375.000000	-0.981971
1575.000000	1425.000000	-1.617017
1575.000000	1475.000000	-2.041110
1575.000000	1525.000000	-2.409345
1575.000000	1575.000000	-2.473340
1575.000000	1625.000000	-2.720815
1575.000000	1675.000000	-2.591626
1575.000000	1725.000000	-2.539761
1575.000000	1775.000000	-2.193537
1575.000000	1825.000000	-1.734942
1575.000000	1875.000000	-1.593262
1575.000000	1925.000000	-0.795456
1575.000000	1975.000000	-0.903181
1625.000000	-1975.000000	-5.556989
1625.000000	-1925.000000	-6.676907
1625.000000	-1875.000000	-7.894897
1625.000000	-1825.000000	-8.347300
1625.000000	-1775.000000	-8.438827
1625.000000	-1725.000000	-8.189412
1625.000000	-1675.000000	-7.083978
1625.000000	-1625.000000	-4.951764
1625.000000	-1575.000000	-4.801451
1625.000000	-1525.000000	-4.713607
1625.000000	-1475.000000	-6.385397
1625.000000	-1425.000000	-6.960794
1625.000000	-1375.000000	-7.583199
1625.000000	-1325.000000	-7.031487
1625.000000	-1275.000000	-6.189260
1625.000000	-1225.000000	-5.000000
1625.000000	-1175.000000	-2.572269
1625.000000	-1125.000000	-3.785582
1625.000000	-1075.000000	-2.338823
1625.000000	-1025.000000	-1.680701
1625.000000	-975.000000	-1.578470
1625.000000	-925.000000	-1.933625
1625.000000	-875.000000	-2.696319
1625.000000	-825.000000	-5.000000
1625.000000	-775.000000	-8.335947
1625.000000	-725.000000	-9.831601
1625.000000	-675.000000	-10.205289
1625.000000	-625.000000	-5.000000
1625.000000	-575.000000	6.288750
1625.000000	-525.000000	5.000000
1625.000000	-475.000000	-5.000000
1625.000000	-425.000000	-14.872981
1625.000000	-375.000000	-1.115949
1625.000000	-325.000000	0.327613
1625.000000	-275.000000	0.556323
1625.000000	-225.000000	-0.199320
1625.000000	-175.000000	-0.651647
1625.000000	-125.000000	0.236148
1625.000000	-75.000000	5.000000
1625.000000	-25.000000	3.940922
1625.000000	25.000000	5.121247
1625.000000	75.000000	5.000000
1625.000000	125.000000	5.437177
1625.000000	175.000000	5.402883
1625.000000	225.000000	6.063547
1625.000000	275.000000	5.002612
1625.000000	325.000000	4.829165
1625.000000	375.000000	3.473577
1625.000000	425.000000	2.504205
1625.000000	475.000000	1.485455
1625.000000	525.000000	0.686051
1625.000000	575.000000	-0.273249
1625.000000	625.000000	-0.502459
1625.000000	675.000000	-0.695343
1625.000000	725.000000	-0.612894
1625.000000	775.000000	-0.760491
1625.000000	825.000000	-1.161693
1625.000000	875.000000	-1.631461
1625.000000	925.000000	-2.088556
1625.000000	975.000000	-2.177352
1625.000000	1025.000000	-1.804270
1625.000000	1075.000000	-1.298241
1625.000000	1125.000000	-0.922889
1625.000000	1175.000000	-0.726487
1625.000000	1225.000000	-0.414694
1625.000000	1275.000000	-0.281123
1625.000000	1325.000000	-0.363321
1625.000000	1375.000000	-0.799256
1625.000000	1425.000000	-1.336103
1625.000000	1475.000000	-1.734562
1625.000000	1525.000000	-2.050826
1625.000000	1575.000000	-2.081621
1625.000000	1625.000000	-2.238979
1625.000000	1675.000000	-2.085737
1625.000000	1725.000000	-2.001110
1625.000000	1775.000000	-1.754279
1625.000000	1825.000000	-1.389110
1625.000000	1875.000000	-1.238367
1625.000000	1925.000000	-0.482082
1625.000000	1975.000000	-0.568327
1675.000000	-1975.000000	-5.906854
1675.000000	-1925.000000	-6.766704
1675.000000	-1875.000000	-8.123052
1675.000000	-1825.000000	-8.612480
1675.000000	-1775.000000	-8.745654
1675.000000	-1725.000000	-8.682810
1675.000000	-1675.000000	-7.592786
1675.000000	-1625.000000	-5.720406
1675.000000	-1575.000000	-5.458658
1675.000000	-1525.000000	-5.659255
1675.000000	-1475.000000	-6.966720
1675.000000	-1425.000000	-7.523704
1675.000000	-1375.000000	-8.204784
1675.000000	-1325.000000	-7.722302
1675.000000	-1275.000000	-7.324987
1675.000000	-1225.000000	-6.338315
1675.000000	-1175.000000	-4.888402
1675.000000	-1125.000000	-3.654996
1675.000000	-1075.000000	-2.130664
1675.000000	-1025.000000	-1.126777
1675.000000	-975.000000	-0.636155
1675.000000	-925.000000	-0.810982
1675.000000	-875.000000	-1.012742
1675.000000	-825.000000	-3.693924
1675.000000	-775.000000	-5.000000
1675.000000	-725.000000	-8.896952
1675.000000	-675.000000	-8.519613
1675.000000	-625.000000	-1.040464
1675.000000	-575.000000	8.705602
1675.000000	-525.000000	5.000000
1675.000000	-475.000000	-0.721536
1675.000000	-425.000000	-1.343233
1675.000000	-375.000000	-0.346862
1675.000000	-325.000000	-0.325985
1675.000000	-275.000000	-0.189018
1675.000000	-225.000000	1.453421
1675.000000	-175.000000	0.975507
1675.000000	-125.000000	1.246027
1675.000000	-75.000000	6.567644
1675.000000	-25.000000	5.892210
1675.000000	25.000000	5.402996
1675.000000	75.000000	3.982874
1675.000000	125.000000	5.482554
1675.000000	175.000000	6.121017
1675.000000	225.000000	6.273997
1675.000000	275.000000	5.000000
1675.000000	325.000000	4.801679
1675.000000	375.000000	3.647600
1675.000000	425.000000	2.923930
1675.000000	475.000000	2.142227
1675.000000	525.000000	0.756208
1675.000000	575.000000	-0.158683
1675.000000	625.000000	-0.972674
1675.000000	675.000000	-1.648278
1675.000000	725.000000	-1.375477
1675.000000	775.000000	-1.082000
1675.000000	825.000000	-1.114170
1675.000000	875.000000	-1.503245
1675.000000	925.000000	-1.963531
1675.000000	975.000000	-2.072299
1675.000000	1025.000000	-1.747518
1675.000000	1075.000000	-1.018924
1675.000000	1125.000000	-0.652820
1675.000000	1175.000000	-0.447640
1675.000000	1225.000000	-0.183381
1675.000000	1275.000000	-0.079315
1675.000000	1325.000000	-0.175021
1675.000000	1375.000000	-0.582411
1675.000000	1425.000000	-1.086707
1675.000000	1475.000000	-1.407348
1675.000000	1525.000000	-1.730649
1675.000000	1575.000000	-1.681931
1675.000000	1625.000000	-1.884459
1675.000000	1675.000000	-1.714656
1675.000000	1725.000000	-1.689402
1675.000000	1775.000000	-1.447606
1675.000000	1825.000000	-1.116971
1675.000000	1875.000000	-0.911128
1675.000000	1925.000000	-0.192279
1675.000000	1975.000000	-0.243816
1725.000000	-1975.000000	-6.401098
1725.000000	-1925.000000	-7.058400
1725.000000	-1875.000000	-8.478127
1725.000000	-1825.000000	-8.967774
1725.000000	-1775.000000	-9.078196
1725.000000	-1725.000000	-8.947658
1725.000000	-1675.000000	-8.087857
1725.000000	-1625.000000	-6.349202
1725.000000	-1575.000000	-5.739076
1725.000000	-1525.000000	-6.107484
1725.000000	-1475.000000	-7.153544
1725.000000	-1425.000000	-7.937765
1725.000000	-1375.000000	-8.599382
1725.000000	-1325.000000	-8.548885
1725.000000	-1275.000000	-7.939095
1725.000000	-1225.000000	-7.817539
1725.000000	-1175.000000	-5.000000
1725.000000	-1125.000000	-4.275419
1725.000000	-1075.000000	-2.180487
1725.000000	-1025.000000	-1.591701
1725.000000	-975.000000	-1.219900
1725.000000	-925.000000	-1.034379
1725.000000	-875.000000	-0.703298
1725.000000	-825.000000	-1.383001
1725.000000	-775.000000	-1.220769
1725.000000	-725.000000	-4.411584
1725.000000	-675.000000	-3.609250
1725.000000	-625.000000	0.538125
1725.000000	-575.000000	8.717763
1725.000000	-525.000000	5.947367
1725.000000	-475.000000	0.748427
1725.000000	-425.000000	1.196766
1725.000000	-375.000000	1.054347
1725.000000	-325.000000	0.302642
1725.000000	-275.000000	1.641237
1725.000000	-225.000000	3.275148
1725.000000	-175.000000	4.527122
1725.000000	-125.000000	5.000000
1725.000000	-75.000000	5.295435
1725.000000	-25.000000	6.167192
1725.000000	25.000000	5.898622
1725.000000	75.000000	3.851938
1725.000000	125.000000	5.079867
1725.000000	175.000000	6.123671
1725.000000	225.000000	5.616532
1725.000000	275.000000	5.000000
1725.000000	325.000000	3.791118
1725.000000	375.000000	3.125651
1725.000000	425.000000	2.630881
1725.000000	475.000000	1.842405
1725.000000	525.000000	1.064628
1725.000000	575.000000	0.319818
1725.000000	625.000000	-0.419665
1725.000000	675.000000	-1.297488
1725.000000	725.000000	-1.873421
1725.000000	775.000000	-1.772418
1725.000000	825.000000	-1.701020
1725.000000	875.000000	-1.622230
1725.000000	925.000000	-1.971784
1725.000000	975.000000	-1.981718
1725.000000	1025.000000	-1.520414
1725.000000	1075.000000	-0.903024
1725.000000	1125.000000	-0.360182
1725.000000	1175.000000	-0.194541
1725.000000	1225.000000	0.039214
1725.000000	1275.000000	0.125570
1725.000000	1325.000000	0.024330
1725.000000	1375.000000	-0.355741
1725.000000	1425.000000	-0.816134
1725.000000	1475.000000	-1.100886
1725.000000	1525.000000	-1.346739
1725.000000	1575.000000	-1.336152
1725.000000	1625.000000	-1.489361
1725.000000	1675.000000	-1.379826
1725.000000	1725.000000	-1.379095
1725.000000	1775.000000	-1.192013
1725.000000	1825.000000	-0.847067
1725.000000	1875.000000	-0.606959
1725.000000	1925.000000	0.125378
1725.000000	1975.000000	0.085072
1775.000000	-1975.000000	-6.634599
1775.000000	-1925.000000	-7.201763
1775.000000	-1875.000000	-8.532572
1775.000000	-1825.000000	-9.214794
1775.000000	-1775.000000	-9.302898
1775.000000	-1725.000000	-9.416517
1775.000000	-1675.000000	-8.388138
1775.000000	-1625.000000	-6.575400
1775.000000	-1575.000000	-5.972477
1775.000000	-1525.000000	-5.868005
1775.000000	-1475.000000	-7.358921
1775.000000	-1425.000000	-8.140118
1775.000000	-1375.000000	-8.843294
1775.000000	-1325.000000	-8.853296
1775.000000	-1275.000000	-8.494442
1775.000000	-1225.000000	-8.285233
1775.000000	-1175.000000	-6.710269
1775.000000	-1125.000000	-5.000000
1775.000000	-1075.000000	-2.832881
1775.000000	-1025.000000	-1.769817
1775.000000	-975.000000	-1.326229
1775.000000	-925.000000	-1.013849
1775.000000	-875.000000	-0.622077
1775.000000	-825.000000	-0.728616
1775.000000	-775.000000	-0.665074
1775.000000	-725.000000	-0.339667
1775.000000	-675.000000	0.835444
1775.000000	-625.000000	5.476357
1775.000000	-575.000000	9.592447
1775.000000	-525.000000	6.283496
1775.000000	-475.000000	-0.132569
1775.000000	-425.000000	0.310472
1775.000000	-375.000000	2.122030
1775.000000	-325.000000	3.529312
1775.000000	-275.000000	1.416935
1775.000000	-225.000000	4.885292
1775.000000	-175.000000	5.000000
1775.000000	-125.000000	9.348295
1775.000000	-75.000000	7.401027
1775.000000	-25.000000	6.022862
1775.000000	25.000000	6.540742
1775.000000	75.000000	5.000000
1775.000000	125.000000	5.000000
1775.000000	175.000000	6.720078
1775.000000	225.000000	5.922009
1775.000000	275.000000	5.000000
1775.000000	325.000000	4.089742
1775.000000	375.000000	3.356026
1775.000000	425.000000	2.937793
1775.000000	475.000000	2.226877
1775.000000	525.000000	1.332989
1775.000000	575.000000	0.556812
1775.000000	625.000000	0.048753
1775.000000	675.000000	-0.608422
1775.000000	725.000000	-1.299083
1775.000000	775.000000	-1.935127
1775.000000	825.000000	-1.784157
1775.000000	875.000000	-1.621604
1775.000000	925.000000	-1.755192
1775.000000	975.000000	-1.736969
1775.000000	1025.000000	-1.428362
1775.000000	1075.000000	-0.643932
1775.000000	1125.000000	-0.180509
1775.000000	1175.000000	0.067593
1775.000000	1225.000000	0.235883
1775.000000	1275.000000	0.334710
1775.000000	1325.000000	0.221883
1775.000000	1375.000000	-0.128527
1775.000000	1425.000000	-0.544636
1775.000000	1475.000000	-0.785493
1775.000000	1525.000000	-1.000446
1775.000000	1575.000000	-1.008591
1775.000000	1625.000000	-1.192373
1775.000000	1675.000000	-1.107921
1775.000000	1725.000000	-1.155794
1775.000000	1775.000000	-0.969815
1775.000000	1825.000000	-0.628703
1775.000000	1875.000000	-0.315462
1775.000000	1925.000000	0.455841
1775.000000	1975.000000	0.384342
1825.000000	-1975.000000	-6.743926
1825.000000	-1925.000000	-7.377593
1825.000000	-1875.000000	-8.696381
1825.000000	-1825.000000	-9.392105
1825.000000	-1775.000000	-9.599190
1825.000000	-1725.000000	-9.535253
1825.000000	-1675.000000	-8.678511
1825.000000	-1625.000000	-6.979341
1825.000000	-1575.000000	-6.324096
1825.000000	-1525.000000	-6.020099
1825.000000	-1475.000000	-7.138183
1825.000000	-1425.000000	-7.862411
1825.000000	-1375.000000	-8.873351
1825.000000	-1325.000000	-9.052603
1825.000000	-1275.000000	-8.931671
1825.000000	-1225.000000	-8.311651
1825.000000	-1175.000000	-7.083216
1825.000000	-1125.000000	-5.000000
1825.000000	-1075.000000	-2.040645
1825.000000	-1025.000000	-2.274844
1825.000000	-975.000000	-1.722394
1825.000000	-925.000000	-1.605385
1825.000000	-875.000000	-1.192490
1825.000000	-825.000000	-0.867027
1825.000000	-775.000000	-0.383196
1825.000000	-725.000000	0.188289
1825.000000	-675.000000	1.684001
1825.000000	-625.000000	6.712109
1825.000000	-575.000000	9.490234
1825.000000	-525.000000	8.165312
1825.000000	-475.000000	1.269554
1825.000000	-425.000000	0.043113
1825.000000	-375.000000	0.821423
1825.000000	-325.000000	4.479853
1825.000000	-275.000000	2.101284
1825.000000	-225.000000	2.477907
1825.000000	-175.000000	6.255575
1825.000000	-125.000000	6.415106
1825.000000	-75.000000	8.170713
1825.000000	-25.000000	5.000000
1825.000000	25.000000	7.347122
1825.000000	75.000000	5.000000
1825.000000	125.000000	5.900109
1825.000000	175.000000	7.903200
1825.000000	225.000000	7.607389
1825.000000	275.000000	6.383161
1825.000000	325.000000	5.000000
1825.000000	375.000000	4.100171
1825.000000	425.000000	2.754225
1825.000000	475.000000	2.138648
1825.000000	525.000000	1.132550
1825.000000	575.000000	0.574378
1825.000000	625.000000	0.044810
1825.000000	675.000000	-0.408227
1825.000000	725.000000	-1.167184
1825.000000	775.000000	-1.942654
1825.000000	825.000000	-2.202800
1825.000000	875.000000	-1.788782
1825.000000	925.000000	-1.790484
1825.000000	975.000000	-1.665823
1825.000000	1025.000000	-0.994859
1825.000000	1075.000000	-0.439090
1825.000000	1125.000000	0.028993
1825.000000	1175.000000	0.276414
1825.000000	1225.000000	0.502599
1825.000000	1275.000000	0.564466
1825.000000	1325.000000	0.487779
1825.000000	1375.000000	0.131750
1825.000000	1425.000000	-0.232404
1825.000000	1475.000000	-0.456400
1825.000000	1525.000000	-0.633757
1825.000000	1575.000000	-0.684653
1825.000000	1625.000000	-0.901560
1825.000000	1675.000000	-0.881153
1825.000000	1725.000000	-0.940683
1825.000000	1775.000000	-0.782052
1825.000000	1825.000000	-0.431704
1825.000000	1875.000000	-0.021856
1825.000000	1925.000000	0.877750
1825.000000	1975.000000	0.792598
1875.000000	-1975.000000	-6.802304
1875.000000	-1925.000000	-7.408364
1875.000000	-1875.000000	-8.756206
1875.000000	-1825.000000	-9.560029
1875.000000	-1775.000000	-9.717054
1875.000000	-1725.000000	-9.727024
1875.000000	-1675.000000	-8.706035
1875.000000	-1625.000000	-7.171286
1875.000000	-1575.000000	-6.162924
1875.000000	-1525.000000	-6.034386
1875.000000	-1475.000000	-6.964024
1875.000000	-1425.000000	-7.848188
1875.000000	-1375.000000	-8.769516
1875.000000	-1325.000000	-9.000995
1875.000000	-1275.000000	-9.105259
1875.000000	-1225.000000	-8.342332
1875.000000	-1175.000000	-7.327320
1875.000000	-1125.000000	-5.000000
1875.000000	-1075.000000	-2.542894
1875.000000	-1025.000000	-0.882198
1875.000000	-975.000000	-0.177105
1875.000000	-925.000000	-0.368875
1875.000000	-875.000000	-0.401080
1875.000000	-825.000000	-0.479489
1875.000000	-775.000000	-0.221178
1875.000000	-725.000000	0.359946
1875.000000	-675.000000	2.036065
1875.000000	-625.000000	6.451635
1875.000000	-575.000000	8.982030
1875.000000	-525.000000	8.587025
1875.000000	-475.000000	5.000000
1875.000000	-425.000000	0.829181
1875.000000	-375.000000	0.743288
1875.000000	-325.000000	3.039067
1875.000000	-275.000000	3.231542
1875.000000	-225.000000	1.979675
1875.000000	-175.000000	5.600692
1875.000000	-125.000000	6.644357
1875.000000	-75.000000	9.050474
1875.000000	-25.000000	6.513197
1875.000000	25.000000	7.613084
1875.000000	75.000000	5.000000
1875.000000	125.000000	5.589699
1875.000000	175.000000	7.787255
1875.000000	225.000000	7.867467
1875.000000	275.000000	5.305975
1875.000000	325.000000	4.487807
1875.000000	375.000000	3.475323
1875.000000	425.000000	3.132700
1875.000000	475.000000	2.032582
1875.000000	525.000000	1.357992
1875.000000	575.000000	0.527039
1875.000000	625.000000	0.279060
1875.000000	675.000000	-0.157906
1875.000000	725.000000	-0.322090
1875.000000	775.000000	-1.019826
1875.000000	825.000000	-1.780308
1875.000000	875.000000	-2.082634
1875.000000	925.000000	-1.972836
1875.000000	975.000000	-0.690647
1875.000000	1025.000000	-0.549176
1875.000000	1075.000000	-0.194728
1875.000000	1125.000000	0.176409
1875.000000	1175.000000	0.540745
1875.000000	1225.000000	0.767352
1875.000000	1275.000000	0.863417
1875.000000	1325.000000	0.789606
1875.000000	1375.000000	0.434587
1875.000000	1425.000000	0.054148
1875.000000	1475.000000	-0.148514
1875.000000	1525.000000	-0.285868
1875.000000	1575.000000	-0.388968
1875.000000	1625.000000	-0.678513
1875.000000	1675.000000	-0.707151
1875.000000	1725.000000	-0.820134
1875.000000	1775.000000	-0.680698
1875.000000	1825.000000	-0.266280
1875.000000	1875.000000	0.242345
1875.000000	1925.000000	1.353375
1875.000000	1975.000000	1.341943
1925.000000	-1975.000000	-6.755404
1925.000000	-1925.000000	-7.386719
1925.000000	-1875.000000	-8.818968
1925.000000	-1825.000000	-9.698907
1925.000000	-1775.000000	-9.807214
1925.000000	-1725.000000	-9.732601
1925.000000	-1675.000000	-8.763673
1925.000000	-1625.000000	-7.248851
1925.000000	-1575.000000	-6.429969
1925.000000	-1525.000000	-5.835349
1925.000000	-1475.000000	-6.394366
1925.000000	-1425.000000	-7.495608
1925.000000	-1375.000000	-8.506204
1925.000000	-1325.000000	-8.913042
1925.000000	-1275.000000	-9.064170
1925.000000	-1225.000000	-8.223645
1925.000000	-1175.000000	-7.692750
1925.000000	-1125.000000	-5.000000
1925.000000	-1075.000000	-2.643841
1925.000000	-1025.000000	-1.116887
1925.000000	-975.000000	-0.265224
1925.000000	-925.000000	0.022930
1925.000000	-875.000000	0.125272
1925.000000	-825.000000	0.523085
1925.000000	-775.000000	1.004945
1925.000000	-725.000000	1.174252
1925.000000	-675.000000	1.990179
1925.000000	-625.000000	5.000000
1925.000000	-575.000000	5.937740
1925.000000	-525.000000	5.813786
1925.000000	-475.000000	3.554837
1925.000000	-425.000000	0.518151
1925.000000	-375.000000	0.048468
1925.000000	-325.000000	2.802317
1925.000000	-275.000000	2.092376
1925.000000	-225.000000	1.883882
1925.000000	-175.000000	3.174780
1925.000000	-125.000000	5.000000
1925.000000	-75.000000	6.765965
1925.000000	-25.000000	5.000000
1925.000000	25.000000	7.277883
1925.000000	75.000000	5.423946
1925.000000	125.000000	5.000000
1925.000000	175.000000	8.510226
1925.000000	225.000000	8.154646
1925.000000	275.000000	6.610738
1925.000000	325.000000	5.000000
1925.000000	375.000000	4.265551
1925.000000	425.000000	2.373416
1925.000000	475.000000	1.647402
1925.000000	525.000000	0.856448
1925.000000	575.000000	0.463492
1925.000000	625.000000	0.196464
1925.000000	675.000000	-0.230555
1925.000000	725.000000	-0.305522
1925.000000	775.000000	-0.824735
1925.000000	825.000000	-2.469820
1925.000000	875.000000	-8.414418
1925.000000	925.000000	-3.110260
1925.000000	975.000000	-0.440189
1925.000000	1025.000000	-0.237505
1925.000000	1075.000000	-0.014919
1925.000000	1125.000000	0.367284
1925.000000	1175.000000	0.795422
1925.000000	1225.000000	1.110229
1925.000000	1275.000000	1.231702
1925.000000	1325.000000	1.221417
1925.000000	1375.000000	0.748247
1925.000000	1425.000000	0.317783
1925.000000	1475.000000	0.097981
1925.000000	1525.000000	0.038706
1925.000000	1575.000000	-0.090026
1925.000000	1625.000000	-0.421913
1925.000000	1675.000000	-0.554535
1925.000000	1725.000000	-0.699305
1925.000000	1775.000000	-0.558694
1925.000000	1825.000000	-0.095277
1925.000000	1875.000000	0.595881
1925.000000	1925.000000	1.987297
1925.000000	1975.000000	2.080767
1975.000000	-1975.000000	-6.560539
1975.000000	-1925.000000	-7.186123
1975.000000	-1875.000000	-8.819201
1975.000000	-1825.000000	-9.771305
1975.000000	-1775.000000	-9.819769
1975.000000	-1725.000000	-9.723278
1975.000000	-1675.000000	-8.742577
1975.000000	-1625.000000	-7.203623
1975.000000	-1575.000000	-6.238754
1975.000000	-1525.000000	-5.611089
1975.000000	-1475.000000	-6.391838
1975.000000	-1425.000000	-6.967252
1975.000000	-1375.000000	-8.108360
1975.000000	-1325.000000	-8.518732
1975.000000	-1275.000000	-8.876382
1975.000000	-1225.000000	-8.020716
1975.000000	-1175.000000	-7.191770
1975.000000	-1125.000000	-4.675629
1975.000000	-1075.000000	-2.203054
1975.000000	-1025.000000	-0.638159
1975.000000	-975.000000	0.521216
1975.000000	-925.000000	0.827579
1975.000000	-875.000000	1.167226
1975.000000	-825.000000	1.187496
1975.000000	-775.000000	1.871750
1975.000000	-725.000000	2.685746
1975.000000	-675.000000	3.453996
1975.000000	-625.000000	5.000000
1975.000000	-575.000000	5.949992
1975.000000	-525.000000	5.609141
1975.000000	-475.000000	4.044654
1975.000000	-425.000000	2.245049
1975.000000	-375.000000	1.966090
1975.000000	-325.000000	1.831296
1975.000000	-275.000000	2.258774
1975.000000	-225.000000	1.741564
1975.000000	-175.000000	2.377661
1975.000000	-125.000000	3.399790
1975.000000	-75.000000	5.548988
1975.000000	-25.000000	6.442916
1975.000000	25.000000	8.728891
1975.000000	75.000000	6.666695
1975.000000	125.000000	5.914249
1975.000000	175.000000	8.553921
1975.000000	225.000000	8.586547
1975.000000	275.000000	6.410968
1975.000000	325.000000	6.610982
1975.000000	375.000000	5.000000
1975.000000	425.000000	2.872739
1975.000000	475.000000	1.964150
1975.000000	525.000000	1.556694
1975.000000	575.000000	0.928344
1975.000000	625.000000	0.682698
1975.000000	675.000000	-0.046522
1975.000000	725.000000	-0.178450
1975.000000	775.000000	-0.862296
1975.000000	825.000000	-4.037039
1975.000000	875.000000	-5.000000
1975.000000	925.000000	-0.189234
1975.000000	975.000000	-0.171258
1975.000000	1025.000000	-0.037773
1975.000000	1075.000000	0.231048
1975.000000	1125.000000	0.560203
1975.000000	1175.000000	1.112096
1975.000000	1225.000000	1.510134
1975.000000	1275.000000	1.703126
1975.000000	1325.000000	1.690148
1975.000000	1375.000000	1.073381
1975.000000	1425.000000	0.607815
1975.000000	1475.000000	0.377247
1975.000000	1525.000000	0.339611
1975.000000	1575.000000	0.224751
1975.000000	1625.000000	-0.234545
1975.000000	1675.000000	-0.439887
1975.000000	1725.000000	-0.646072
1975.000000	1775.000000	-0.462531
1975.000000	1825.000000	0.060293
1975.000000	1875.000000	0.971659
1975.000000	1925.000000	2.716003
1975.000000	1975.000000	3.000766
2025.000000	-1975.000000	-6.290761
2025.000000	-1925.000000	-6.989407
2025.000000	-1875.000000	-8.789886
2025.000000	-1825.000000	-9.880989
2025.000000	-1775.000000	-9.849166
2025.000000	-1725.000000	-9.682947
2025.000000	-1675.000000	-8.721895
2025.000000	-1625.000000	-7.066504
2025.000000	-1575.000000	-6.168082
2025.000000	-1525.000000	-5.289802
2025.000000	-1475.000000	-5.776343
2025.000000	-1425.000000	-6.262485
2025.000000	-1375.000000	-7.581300
2025.000000	-1325.000000	-8.111041
2025.000000	-1275.000000	-8.450438
2025.000000	-1225.000000	-7.640586
2025.000000	-1175.000000	-6.768591
2025.000000	-1125.000000	-4.003728
2025.000000	-1075.000000	-2.110208
2025.000000	-1025.000000	-0.395922
2025.000000	-975.000000	0.304266
2025.000000	-925.000000	1.682022
2025.000000	-875.000000	2.885240
2025.000000	-825.000000	5.000000
2025.000000	-775.000000	2.380960
2025.000000	-725.000000	5.000000
2025.000000	-675.000000	5.000000
2025.000000	-625.000000	5.000000
2025.000000	-575.000000	5.317526
2025.000000	-525.000000	5.627929
2025.000000	-475.000000	5.000000
2025.000000	-425.000000	3.490519
2025.000000	-375.000000	2.872849
2025.000000	-325.000000	2.353715
2025.000000	-275.000000	2.259662
2025.000000	-225.000000	3.059368
2025.000000	-175.000000	3.470607
2025.000000	-125.000000	5.000000
2025.000000	-75.000000	5.943686
2025.000000	-25.000000	7.049249
2025.000000	25.000000	8.280639
2025.000000	75.000000	6.873263
2025.000000	125.000000	5.104389
2025.000000	175.000000	8.779050
2025.000000	225.000000	7.771966
2025.000000	275.000000	7.048965
2025.000000	325.000000	6.254591
2025.000000	375.000000	5.000000
2025.000000	425.000000	2.249652
2025.000000	475.000000	2.145790
2025.000000	525.000000	1.471654
2025.000000	575.000000	0.947626
2025.000000	625.000000	0.289039
2025.000000	675.000000	-0.578051
2025.000000	725.000000	-0.218134
2025.000000	775.000000	-1.488390
2025.000000	825.000000	-3.994060
2025.000000	875.000000	-1.271001
2025.000000	925.000000	-0.177305
2025.000000	975.000000	-0.277960
2025.000000	1025.000000	0.027082
2025.000000	1075.000000	0.368789
2025.000000	1125.000000	0.757260
2025.000000	1175.000000	1.409515
2025.000000	1225.000000	2.017447
2025.000000	1275.000000	2.341351
2025.000000	1325.000000	2.284466
2025.000000	1375.000000	1.441443
2025.000000	1425.000000	1.023634
2025.000000	1475.000000	0.810178
2025.000000	1525.000000	0.762464
2025.000000	1575.000000	0.584500
2025.000000	1625.000000	-0.003439
2025.000000	1675.000000	-0.324524
2025.000000	1725.000000	-0.551288
2025.000000	1775.000000	-0.315110
2025.000000	1825.000000	0.272417
2025.000000	1875.000000	1.469438
2025.000000	1925.000000	3.705642
2025.000000	1975.000000	5.000000
2075.000000	-1975.000000	-5.811937
2075.000000	-1925.000000	-6.682744
2075.000000	-1875.000000	-8.691125
2075.000000	-1825.000000	-9.963472
2075.000000	-1775.000000	-9.853505
2075.000000	-1725.000000	-9.610708
2075.000000	-1675.000000	-8.479570
2075.000000	-1625.000000	-6.685456
2075.000000	-1575.000000	-5.776826
2075.000000	-1525.000000	-4.894452
2075.000000	-1475.000000	-5.000000
2075.000000	-1425.000000	-5.497378
2075.000000	-1375.000000	-6.729131
2075.000000	-1325.000000	-7.280681
2075.000000	-1275.000000	-7.716429
2075.000000	-1225.000000	-6.847618
2075.000000	-1175.000000	-5.000000
2075.000000	-1125.000000	-3.033564
2075.000000	-1075.000000	-1.467477
2075.000000	-1025.000000	-0.023854
2075.000000	-975.000000	1.021443
2075.000000	-925.000000	2.727284
2075.000000	-875.000000	5.000000
2075.000000	-825.000000	7.086959
2075.000000	-775.000000	7.565394
2075.000000	-725.000000	8.518313
2075.000000	-675.000000	8.293000
2075.000000	-625.000000	7.617258
2075.000000	-575.000000	6.114464
2075.000000	-525.000000	5.000000
2075.000000	-475.000000	5.505366
2075.000000	-425.000000	5.000000
2075.000000	-375.000000	5.867665
2075.000000	-325.000000	3.518442
2075.000000	-275.000000	5.000000
2075.000000	-225.000000	5.000000
2075.000000	-175.000000	5.730073
2075.000000	-125.000000	6.471913
2075.000000	-75.000000	7.510611
2075.000000	-25.000000	8.329394
2075.000000	25.000000	8.868861
2075.000000	75.000000	7.817450
2075.000000	125.000000	6.231257
2075.000000	175.000000	8.055329
2075.000000	225.000000	6.930145
2075.000000	275.000000	6.322335
2075.000000	325.000000	6.086777
2075.000000	375.000000	5.060529
2075.000000	425.000000	3.575796
2075.000000	475.000000	3.260474
2075.000000	525.000000	1.980182
2075.000000	575.000000	0.867363
2075.000000	625.000000	-0.074263
2075.000000	675.000000	-0.364372
2075.000000	725.000000	-0.375474
2075.000000	775.000000	-3.653299
2075.000000	825.000000	-5.000000
2075.000000	875.000000	-0.199013
2075.000000	925.000000	0.048267
2075.000000	975.000000	0.010661
2075.000000	1025.000000	0.217013
2075.000000	1075.000000	0.591085
2075.000000	1125.000000	1.007286
2075.000000	1175.000000	1.850971
2075.000000	1225.000000	2.645111
2075.000000	1275.000000	3.162129
2075.000000	1325.000000	2.941451
2075.000000	1375.000000	1.871111
2075.000000	1425.000000	1.516781
2075.000000	1475.000000	1.393349
2075.000000	1525.000000	1.279110
2075.000000	1575.000000	0.998179
2075.000000	1625.000000	0.167794
2075.000000	1675.000000	-0.209313
2075.000000	1725.000000	-0.534434
2075.000000	1775.000000	-0.174267
2075.000000	1825.000000	0.494443
2075.000000	1875.000000	1.998477
2075.000000	1925.000000	5.000000
2075.000000	1975.000000	5.865179
2125.000000	-1975.000000	-5.297764
2125.000000	-1925.000000	-6.375578
2125.000000	-1875.000000	-8.575839
2125.000000	-1825.000000	-10.032086
2125.000000	-1775.000000	-9.883182
2125.000000	-1725.000000	-9.512766
2125.000000	-1675.000000	-8.194719
2125.000000	-1625.000000	-5.987043
2125.000000	-1575.000000	-5.000000
2125.000000	-1525.000000	-4.271839
2125.000000	-1475.000000	-4.308104
2125.000000	-1425.000000	-4.591275
2125.000000	-1375.000000	-5.796184
2125.000000	-1325.000000	-6.632362
2125.000000	-1275.000000	-6.953044
2125.000000	-1225.000000	-6.253959
2125.000000	-1175.000000	-4.394190
2125.000000	-1125.000000	-2.481796
2125.000000	-1075.000000	-1.031133
2125.000000	-1025.000000	0.166948
2125.000000	-975.000000	1.193289
2125.000000	-925.000000	3.051975
2125.000000	-875.000000	5.786287
2125.000000	-825.000000	7.355515
2125.000000	-775.000000	8.450940
2125.000000	-725.000000	9.103057
2125.000000	-675.000000	8.900625
2125.000000	-625.000000	9.100373
2125.000000	-575.000000	8.996886
2125.000000	-525.000000	8.530508
2125.000000	-475.000000	8.270257
2125.000000	-425.000000	6.500964
2125.000000	-375.000000	7.410526
2125.000000	-325.000000	5.000000
2125.000000	-275.000000	6.565960
2125.000000	-225.000000	8.276951
2125.000000	-175.000000	8.540375
2125.000000	-125.000000	8.659256
2125.000000	-75.000000	8.544435
2125.000000	-25.000000	8.737107
2125.000000	25.000000	8.697271
2125.000000	75.000000	7.314196
2125.000000	125.000000	7.495172
2125.000000	175.000000	7.256539
2125.000000	225.000000	6.527168
2125.000000	275.000000	5.881821
2125.000000	325.000000	5.151902
2125.000000	375.000000	5.000000
2125.000000	425.000000	3.572307
2125.000000	475.000000	2.836750
2125.000000	525.000000	1.033825
2125.000000	575.000000	0.022389
2125.000000	625.000000	-0.489962
2125.000000	675.000000	-0.771054
2125.000000	725.000000	-1.393695
2125.000000	775.000000	-5.000000
2125.000000	825.000000	-0.221409
2125.000000	875.000000	0.252703
2125.000000	925.000000	0.314544
2125.000000	975.000000	0.184477
2125.000000	1025.000000	0.458784
2125.000000	1075.000000	0.836422
2125.000000	1125.000000	1.357160
2125.000000	1175.000000	2.383343
2125.000000	1225.000000	3.495229
2125.000000	1275.000000	4.019190
2125.000000	1325.000000	3.516067
2125.000000	1375.000000	2.361846
2125.000000	1425.000000	2.245996
2125.000000	1475.000000	2.199292
2125.000000	1525.000000	2.009375
2125.000000	1575.000000	1.445881
2125.000000	1625.000000	0.426816
2125.000000	1675.000000	-0.096352
2125.000000	1725.000000	-0.400621
2125.000000	1775.000000	0.037705
2125.000000	1825.000000	0.841770
2125.000000	1875.000000	2.689860
2125.000000	1925.000000	6.094180
2125.000000	1975.000000	7.096264
2175.000000	-1975.000000	-4.752195
2175.000000	-1925.000000	-6.088808
2175.000000	-1875.000000	-8.380243
2175.000000	-1825.000000	-10.036814
2175.000000	-1775.000000	-9.889350
2175.000000	-1725.000000	-9.394149
2175.000000	-1675.000000	-7.840980
2175.000000	-1625.000000	-5.000000
2175.000000	-1575.000000	-3.997991
2175.000000	-1525.000000	-3.533746
2175.000000	-1475.000000	-3.618991
2175.000000	-1425.000000	-3.690763
2175.000000	-1375.000000	-4.622938
2175.000000	-1325.000000	-5.000000
2175.000000	-1275.000000	-6.041315
2175.000000	-1225.000000	-4.925558
2175.000000	-1175.000000	-3.398104
2175.000000	-1125.000000	-1.674385
2175.000000	-1075.000000	-0.638685
2175.000000	-1025.000000	0.621760
2175.000000	-975.000000	1.825847
2175.000000	-925.000000	5.000000
2175.000000	-875.000000	6.730404
2175.000000	-825.000000	8.693012
2175.000000	-775.000000	9.162288
2175.000000	-725.000000	9.610416
2175.000000	-675.000000	9.725755
2175.000000	-625.000000	9.380953
2175.000000	-575.000000	9.453575
2175.000000	-525.000000	9.070568
2175.000000	-475.000000	9.472171
2175.000000	-425.000000	8.761959
2175.000000	-375.000000	9.359933
2175.000000	-325.000000	9.198911
2175.000000	-275.000000	9.711845
2175.000000	-225.000000	9.560161
2175.000000	-175.000000	9.400211
2175.000000	-125.000000	9.301378
2175.000000	-75.000000	9.111681
2175.000000	-25.000000	9.267202
2175.000000	25.000000	8.712056
2175.000000	75.000000	8.062389
2175.000000	125.000000	7.281106
2175.000000	175.000000	8.070218
2175.000000	225.000000	6.947001
2175.000000	275.000000	6.922749
2175.000000	325.000000	6.232575
2175.000000	375.000000	5.986566
2175.000000	425.000000	5.000000
2175.000000	475.000000	2.302332
2175.000000	525.000000	0.582325
2175.000000	575.000000	0.045563
2175.000000	625.000000	0.202091
2175.000000	675.000000	-0.068768
2175.000000	725.000000	-2.341352
2175.000000	775.000000	-3.327201
2175.000000	825.000000	0.284047
2175.000000	875.000000	0.565748
2175.000000	925.000000	0.719579
2175.000000	975.000000	0.495796
2175.000000	1025.000000	0.771673
2175.000000	1075.000000	1.174446
2175.000000	1125.000000	1.899201
2175.000000	1175.000000	3.150103
2175.000000	1225.000000	5.000000
2175.000000	1275.000000	5.000000
2175.000000	1325.000000	3.989841
2175.000000	1375.000000	3.074283
2175.000000	1425.000000	3.282071
2175.000000	1475.000000	3.458343
2175.000000	1525.000000	2.847687
2175.000000	1575.000000	1.901582
2175.000000	1625.000000	0.730247
2175.000000	1675.000000	0.136844
2175.000000	1725.000000	-0.210233
2175.000000	1775.000000	0.290942
2175.000000	1825.000000	1.229213
2175.000000	1875.000000	5.000000
2175.000000	1925.000000	6.891887
2175.000000	1975.000000	7.846151
2225.000000	-1975.000000	-4.415671
2225.000000	-1925.000000	-5.834031
2225.000000	-1875.000000	-8.039329
2225.000000	-1825.000000	-9.866319
2225.000000	-1775.000000	-9.793097
2225.000000	-1725.000000	-9.172860
2225.000000	-1675.000000	-7.468634
2225.000000	-1625.000000	-4.049406
2225.000000	-1575.000000	-2.988718
2225.000000	-1525.000000	-2.779679
2225.000000	-1475.000000	-3.097835
2225.000000	-1425.000000	-3.118107
2225.000000	-1375.000000	-3.721018
2225.000000	-1325.000000	-4.436161
2225.000000	-1275.000000	-4.932338
2225.000000	-1225.000000	-4.022147
2225.000000	-1175.000000	-2.552789
2225.000000	-1125.000000	-1.263350
2225.000000	-1075.000000	-0.183583
2225.000000	-1025.000000	0.869916
2225.000000	-975.000000	2.246469
2225.000000	-925.000000	5.520263
2225.000000	-875.000000	7.693699
2225.000000	-825.000000	9.100394
2225.000000	-775.000000	9.583349
2225.000000	-725.000000	10.017517
2225.000000	-675.000000	10.012841
2225.000000	-625.000000	10.139756
2225.000000	-575.000000	10.047533
2225.000000	-525.000000	9.998893
2225.000000	-475.000000	9.964865
2225.000000	-425.000000	9.884333
2225.000000	-375.000000	10.141145
2225.000000	-325.000000	9.710548
2225.000000	-275.000000	9.876106
2225.000000	-225.000000	9.878206
2225.000000	-175.000000	9.883126
2225.000000	-125.000000	9.772597
2225.000000	-75.000000	9.762618
2225.000000	-25.000000	9.592429
2225.000000	25.000000	9.546764
2225.000000	75.000000	8.388314
2225.000000	125.000000	8.537061
2225.000000	175.000000	8.164549
2225.000000	225.000000	7.843477
2225.000000	275.000000	7.116077
2225.000000	325.000000	5.434956
2225.000000	375.000000	3.716071
2225.000000	425.000000	1.865913
2225.000000	475.000000	0.690243
2225.000000	525.000000	0.488810
2225.000000	575.000000	0.517272
2225.000000	625.000000	0.683170
2225.000000	675.000000	0.105728
2225.000000	725.000000	-0.413497
2225.000000	775.000000	-0.016039
2225.000000	825.000000	0.695467
2225.000000	875.000000	0.918643
2225.000000	925.000000	0.977335
2225.000000	975.000000	0.945823
2225.000000	1025.000000	1.278384
2225.000000	1075.000000	1.671367
2225.000000	1125.000000	2.568708
2225.000000	1175.000000	4.107484
2225.000000	1225.000000	5.512903
2225.000000	1275.000000	5.440647
2225.000000	1325.000000	4.520787
2225.000000	1375.000000	5.000000
2225.000000	1425.000000	5.053589
2225.000000	1475.000000	5.344580
2225.000000	1525.000000	3.923198
2225.000000	1575.000000	2.204336
2225.000000	1625.000000	1.117829
2225.000000	1675.000000	0.504982
2225.000000	1725.000000	0.088148
2225.000000	1775.000000	0.653063
2225.000000	1825.000000	1.741092
2225.000000	1875.000000	5.000000
2225.000000	1925.000000	7.520968
2225.000000	1975.000000	8.365279
2275.000000	-1975.000000	-4.429079
2275.000000	-1925.000000	-5.889815
2275.000000	-1875.000000	-7.606692
2275.000000	-1825.000000	-9.540247
2275.000000	-1775.000000	-9.539928
2275.000000	-1725.000000	-8.853185
2275.000000	-1675.000000	-6.968466
2275.000000	-1625.000000	-3.220994
2275.000000	-1575.000000	-2.082092
2275.000000	-1525.000000	-1.986646
2275.000000	-1475.000000	-2.478655
2275.000000	-1425.000000	-2.637979
2275.000000	-1375.000000	-2.995144
2275.000000	-1325.000000	-3.414039
2275.000000	-1275.000000	-3.805364
2275.000000	-1225.000000	-3.048938
2275.000000	-1175.000000	-1.876141
2275.000000	-1125.000000	-0.699497
2275.000000	-1075.000000	0.251464
2275.000000	-1025.000000	1.293631
2275.000000	-975.000000	3.113887
2275.000000	-925.000000	6.470770
2275.000000	-875.000000	8.514358
2275.000000	-825.000000	9.548966
2275.000000	-775.000000	10.080288
2275.000000	-725.000000	10.389898
2275.000000	-675.000000	10.551469
2275.000000	-625.000000	10.423348
2275.000000	-575.000000	10.409734
2275.000000	-525.000000	10.248294
2275.000000	-475.000000	10.320790
2275.000000	-425.000000	10.196556
2275.000000	-375.000000	10.339400
2275.000000	-325.000000	10.240193
2275.000000	-275.000000	10.374045
2275.000000	-225.000000	10.236393
2275.000000	-175.000000	10.166106
2275.000000	-125.000000	10.057351
2275.000000	-75.000000	9.968166
2275.000000	-25.000000	10.073983
2275.000000	25.000000	9.497714
2275.000000	75.000000	8.818306
2275.000000	125.000000	8.011700
2275.000000	175.000000	8.383797
2275.000000	225.000000	6.958816
2275.000000	275.000000	5.862948
2275.000000	325.000000	3.026048
2275.000000	375.000000	1.984522
2275.000000	425.000000	1.626966
2275.000000	475.000000	1.530616
2275.000000	525.000000	1.974445
2275.000000	575.000000	1.825414
2275.000000	625.000000	1.261163
2275.000000	675.000000	0.357461
2275.000000	725.000000	0.133603
2275.000000	775.000000	0.608370
2275.000000	825.000000	0.996825
2275.000000	875.000000	1.303331
2275.000000	925.000000	1.547309
2275.000000	975.000000	1.671673
2275.000000	1025.000000	2.064123
2275.000000	1075.000000	2.201549
2275.000000	1125.000000	3.065970
2275.000000	1175.000000	5.000000
2275.000000	1225.000000	6.146381
2275.000000	1275.000000	5.863442
2275.000000	1325.000000	5.485769
2275.000000	1375.000000	5.940438
2275.000000	1425.000000	7.000340
2275.000000	1475.000000	6.981134
2275.000000	1525.000000	5.107925
2275.000000	1575.000000	2.615873
2275.000000	1625.000000	1.320893
2275.000000	1675.000000	0.781362
2275.000000	1725.000000	0.426519
2275.000000	1775.000000	0.984756
2275.000000	1825.000000	2.296910
2275.000000	1875.000000	5.497080
2275.000000	1925.000000	7.853934
2275.000000	1975.000000	8.580691
2325.000000	-1975.000000	-4.870893
2325.000000	-1925.000000	-6.097084
2325.000000	-1875.000000	-6.986071
2325.000000	-1825.000000	-8.866986
2325.000000	-1775.000000	-8.948771
2325.000000	-1725.000000	-8.162476
2325.000000	-1675.000000	-5.000000
2325.000000	-1625.000000	-2.524374
2325.000000	-1575.000000	-1.427098
2325.000000	-1525.000000	-1.265792
2325.000000	-1475.000000	-1.861246
2325.000000	-1425.000000	-2.264382
2325.000000	-1375.000000	-2.461062
2325.000000	-1325.000000	-2.722202
2325.000000	-1275.000000	-2.910141
2325.000000	-1225.000000	-2.408628
2325.000000	-1175.000000	-1.344307
2325.000000	-1125.000000	-0.243464
2325.000000	-1075.000000	0.552918
2325.000000	-1025.000000	1.796312
2325.000000	-975.000000	5.000000
2325.000000	-925.000000	7.580659
2325.000000	-875.000000	9.028366
2325.000000	-825.000000	10.133384
2325.000000	-775.000000	10.479926
2325.000000	-725.000000	10.914888
2325.000000	-675.000000	10.937800
2325.000000	-625.000000	10.997982
2325.000000	-575.000000	10.874947
2325.000000	-525.000000	10.804643
2325.000000	-475.000000	10.717829
2325.000000	-425.000000	10.613218
2325.000000	-375.000000	10.588118
2325.000000	-325.000000	10.395375
2325.000000	-275.000000	10.353001
2325.000000	-225.000000	10.327860
2325.000000	-175.000000	10.099357
2325.000000	-125.000000	10.133081
2325.000000	-75.000000	10.064782
2325.000000	-25.000000	10.089780
2325.000000	25.000000	9.725920
2325.000000	75.000000	8.887187
2325.000000	125.000000	8.284102
2325.000000	175.000000	8.280003
2325.000000	225.000000	7.405208
2325.000000	275.000000	5.522409
2325.000000	325.000000	3.046953
2325.000000	375.000000	2.902786
2325.000000	425.000000	3.308557
2325.000000	475.000000	3.145069
2325.000000	525.000000	2.804454
2325.000000	575.000000	1.675636
2325.000000	625.000000	0.936424
2325.000000	675.000000	0.747515
2325.000000	725.000000	0.878237
2325.000000	775.000000	1.288602
2325.000000	825.000000	1.731411
2325.000000	875.000000	1.842212
2325.000000	925.000000	2.095899
2325.000000	975.000000	2.451325
2325.000000	1025.000000	2.886557
2325.000000	1075.000000	3.060183
2325.000000	1125.000000	3.658994
2325.000000	1175.000000	5.394643
2325.000000	1225.000000	6.294151
2325.000000	1275.000000	6.230080
2325.000000	1325.000000	6.523899
2325.000000	1375.000000	7.514501
2325.000000	1425.000000	8.308443
2325.000000	1475.000000	7.914068
2325.000000	1525.000000	6.042768
2325.000000	1575.000000	3.139696
2325.000000	1625.000000	1.583661
2325.000000	1675.000000	1.023136
2325.000000	1725.000000	0.843343
2325.000000	1775.000000	1.607407
2325.000000	1825.000000	3.163056
2325.000000	1875.000000	6.458727
2325.000000	1925.000000	7.995207
2325.000000	1975.000000	8.599097
2375.000000	-1975.000000	-5.607942
2375.000000	-1925.000000	-6.448965
2375.000000	-1875.000000	-6.252729
2375.000000	-1825.000000	-7.810633
2375.000000	-1775.000000	-7.838648
2375.000000	-1725.000000	-6.963733
2375.000000	-1675.000000	-5.000000
2375.000000	-1625.000000	-2.171176
2375.000000	-1575.000000	-0.972449
2375.000000	-1525.000000	-0.718861
2375.000000	-1475.000000	-1.195779
2375.000000	-1425.000000	-1.812538
2375.000000	-1375.000000	-2.033449
2375.000000	-1325.000000	-2.076875
2375.000000	-1275.000000	-2.041667
2375.000000	-1225.000000	-1.569254
2375.000000	-1175.000000	-0.716666
2375.000000	-1125.000000	0.126488
2375.000000	-1075.000000	0.975626
2375.000000	-1025.000000	2.369431
2375.000000	-975.000000	5.590205
2375.000000	-925.000000	8.264651
2375.000000	-875.000000	9.698902
2375.000000	-825.000000	10.601686
2375.000000	-775.000000	11.253533
2375.000000	-725.000000	11.492448
2375.000000	-675.000000	11.565118
2375.000000	-625.000000	11.461692
2375.000000	-575.000000	11.352235
2375.000000	-525.000000	11.110939
2375.000000	-475.000000	10.963197
2375.000000	-425.000000	10.722409
2375.000000	-375.000000	10.591858
2375.000000	-325.000000	10.405424
2375.000000	-275.000000	10.327196
2375.000000	-225.000000	10.168542
2375.000000	-175.000000	10.046707
2375.000000	-125.000000	10.008974
2375.000000	-75.000000	10.109846
2375.000000	-25.000000	10.209590
2375.000000	25.000000	9.484305
2375.000000	75.000000	8.269647
2375.000000	125.000000	7.653089
2375.000000	175.000000	8.721120
2375.000000	225.000000	7.285603
2375.000000	275.000000	5.125925
2375.000000	325.000000	2.351796
2375.000000	375.000000	3.244027
2375.000000	425.000000	3.755266
2375.000000	475.000000	5.000000
2375.000000	525.000000	3.225233
2375.000000	575.000000	2.565239
2375.000000	625.000000	2.648069
2375.000000	675.000000	2.148935
2375.000000	725.000000	2.213650
2375.000000	775.000000	2.381067
2375.000000	825.000000	2.496825
2375.000000	875.000000	2.492739
2375.000000	925.000000	2.663215
2375.000000	975.000000	2.828786
2375.000000	1025.000000	3.338838
2375.000000	1075.000000	3.750783
2375.000000	1125.000000	5.000000
2375.000000	1175.000000	6.027629
2375.000000	1225.000000	6.393891
2375.000000	1275.000000	6.645439
2375.000000	1325.000000	7.602434
2375.000000	1375.000000	8.666256
2375.000000	1425.000000	9.101254
2375.000000	1475.000000	8.371203
2375.000000	1525.000000	6.631085
2375.000000	1575.000000	5.000000
2375.000000	1625.000000	2.018732
2375.000000	1675.000000	1.559469
2375.000000	1725.000000	1.582276
2375.000000	1775.000000	2.635954
2375.000000	1825.000000	5.000000
2375.000000	1875.000000	7.083303
2375.000000	1925.000000	7.895215
2375.000000	1975.000000	8.337847
2425.000000	-1975.000000	-6.289094
2425.000000	-1925.000000	-6.803331
2425.000000	-1875.000000	-5.462887
2425.000000	-1825.000000	-5.000000
2425.000000	-1775.000000	-5.000000
2425.000000	-1725.000000	-4.259539
2425.000000	-1675.000000	-3.382330
2425.000000	-1625.000000	-1.722735
2425.000000	-1575.000000	-0.828511
2425.000000	-1525.000000	-0.393500
2425.000000	-1475.000000	-0.729031
2425.000000	-1425.000000	-1.337652
2425.000000	-1375.000000	-1.725993
2425.000000	-1325.000000	-1.695855
2425.000000	-1275.000000	-1.487832
2425.000000	-1225.000000	-0.846732
2425.000000	-1175.000000	-0.149307
2425.000000	-1125.000000	0.548582
2425.000000	-1075.000000	1.326766
2425.000000	-1025.000000	3.316917
2425.000000	-975.000000	6.349237
2425.000000	-925.000000	8.919094
2425.000000	-875.000000	10.067617
2425.000000	-825.000000	11.300006
2425.000000	-775.000000	12.084731
2425.000000	-725.000000	12.853488
2425.000000	-675.000000	12.738552
2425.000000	-625.000000	12.424208
2425.000000	-575.000000	11.967765
2425.000000	-525.000000	11.591285
2425.000000	-475.000000	11.184427
2425.000000	-425.000000	10.730582
2425.000000	-375.000000	10.490476
2425.000000	-325.000000	10.097961
2425.000000	-275.000000	9.839465
2425.000000	-225.000000	9.576640
2425.000000	-175.000000	9.201231
2425.000000	-125.000000	9.458932
2425.000000	-75.000000	9.864948
2425.000000	-25.000000	10.133562
2425.000000	25.000000	9.033399
2425.000000	75.000000	5.000000
2425.000000	125.000000	8.119765
2425.000000	175.000000	8.378360
2425.000000	225.000000	6.934608
2425.000000	275.000000	1.240873
2425.000000	325.000000	0.795088
2425.000000	375.000000	5.134731
2425.000000	425.000000	6.019127
2425.000000	475.000000	6.757128
2425.000000	525.000000	6.230143
2425.000000	575.000000	5.000000
2425.000000	625.000000	5.000000
2425.000000	675.000000	3.620690
2425.000000	725.000000	3.555253
2425.000000	775.000000	3.322753
2425.000000	825.000000	3.145156
2425.000000	875.000000	2.790422
2425.000000	925.000000	2.782636
2425.000000	975.000000	3.041779
2425.000000	1025.000000	3.644918
2425.000000	1075.000000	5.000000
2425.000000	1125.000000	5.747996
2425.000000	1175.000000	6.421614
2425.000000	1225.000000	6.523577
2425.000000	1275.000000	7.069003
2425.000000	1325.000000	8.540239
2425.000000	1375.000000	9.380502
2425.000000	1425.000000	9.450485
2425.000000	1475.000000	8.486381
2425.000000	1525.000000	7.061190
2425.000000	1575.000000	5.000000
2425.000000	1625.000000	2.872399
2425.000000	1675.000000	2.613395
2425.000000	1725.000000	2.938225
2425.000000	1775.000000	5.000000
2425.000000	1825.000000	5.945310
2425.000000	1875.000000	7.504826
2425.000000	1925.000000	7.637292
2425.000000	1975.000000	7.847613
2475.000000	-1975.000000	-7.003487
2475.000000	-1925.000000	-7.216557
2475.000000	-1875.000000	-4.786358
2475.000000	-1825.000000	-3.531012
2475.000000	-1775.000000	-2.547449
2475.000000	-1725.000000	-1.877569
2475.000000	-1675.000000	-1.750520
2475.000000	-1625.000000	-1.257023
2475.000000	-1575.000000	-0.686467
2475.000000	-1525.000000	-0.338569
2475.000000	-1475.000000	-0.351296
2475.000000	-1425.000000	-0.864773
2475.000000	-1375.000000	-1.226840
2475.000000	-1325.000000	-1.355976
2475.000000	-1275.000000	-0.999608
2475.000000	-1225.000000	-0.328612
2475.000000	-1175.000000	0.380607
2475.000000	-1125.000000	0.978064
2475.000000	-1075.000000	2.130105
2475.000000	-1025.000000	5.000000
2475.000000	-975.000000	7.561229
2475.000000	-925.000000	9.318162
2475.000000	-875.000000	10.478351
2475.000000	-825.000000	11.721617
2475.000000	-775.000000	12.887472
2475.000000	-725.000000	13.578363
2475.000000	-675.000000	13.753456
2475.000000	-625.000000	13.387716
2475.000000	-575.000000	12.960864
2475.000000	-525.000000	12.422392
2475.000000	-475.000000	11.768630
2475.000000	-425.000000	11.006855
2475.000000	-375.000000	10.525052
2475.000000	-325.000000	10.083079
2475.000000	-275.000000	9.730883
2475.000000	-225.000000	9.272275
2475.000000	-175.000000	8.976081
2475.000000	-125.000000	9.055699
2475.000000	-75.000000	10.086443
2475.000000	-25.000000	10.166520
2475.000000	25.000000	7.334048
2475.000000	75.000000	5.000000
2475.000000	125.000000	9.761678
2475.000000	175.000000	9.283834
2475.000000	225.000000	5.000000
2475.000000	275.000000	-5.000000
2475.000000	325.000000	5.000000
2475.000000	375.000000	8.594378
2475.000000	425.000000	8.297010
2475.000000	475.000000	7.880618
2475.000000	525.000000	7.212803
2475.000000	575.000000	6.488859
2475.000000	625.000000	6.181182
2475.000000	675.000000	5.101230
2475.000000	725.000000	4.511163
2475.000000	775.000000	3.525277
2475.000000	825.000000	3.003528
2475.000000	875.000000	2.711534
2475.000000	925.000000	3.138358
2475.000000	975.000000	3.752900
2475.000000	1025.000000	4.456510
2475.000000	1075.000000	5.053528
2475.000000	1125.000000	5.831593
2475.000000	1175.000000	6.103025
2475.000000	1225.000000	6.587492
2475.000000	1275.000000	7.808163
2475.000000	1325.000000	9.307971
2475.000000	1375.000000	9.711901
2475.000000	1425.000000	9.412975
2475.000000	1475.000000	8.491650
2475.000000	1525.000000	7.355348
2475.000000	1575.000000	5.568017
2475.000000	1625.000000	5.000000
2475.000000	1675.000000	5.000000
2475.000000	1725.000000	5.340812
2475.000000	1775.000000	6.479654
2475.000000	1825.000000	7.013339
2475.000000	1875.000000	7.624503
2475.000000	1925.000000	7.038760
2475.000000	1975.000000	6.928815
2525.000000	-1975.000000	-7.410884
2525.000000	-1925.000000	-7.320619
2525.000000	-1875.000000	-4.026850
2525.000000	-1825.000000	-1.918949
2525.000000	-1775.000000	-0.878817
2525.000000	-1725.000000	-0.445049
2525.000000	-1675.000000	-0.524339
2525.000000	-1625.000000	-0.567189
2525.000000	-1575.000000	-0.601434
2525.000000	-1525.000000	-0.319894
2525.000000	-1475.000000	-0.269815
2525.000000	-1425.000000	-0.416465
2525.000000	-1375.000000	-0.750991
2525.000000	-1325.000000	-0.832604
2525.000000	-1275.000000	-0.560019
2525.000000	-1225.000000	0.025260
2525.000000	-1175.000000	0.596043
2525.000000	-1125.000000	1.422640
2525.000000	-1075.000000	2.794018
2525.000000	-1025.000000	6.034246
2525.000000	-975.000000	8.295193
2525.000000	-925.000000	9.839848
2525.000000	-875.000000	10.930412
2525.000000	-825.000000	12.439727
2525.000000	-775.000000	13.637655
2525.000000	-725.000000	15.000000
2525.000000	-675.000000	15.000000
2525.000000	-625.000000	14.364843
2525.000000	-575.000000	13.528856
2525.000000	-525.000000	12.879855
2525.000000	-475.000000	12.360709
2525.000000	-425.000000	11.683563
2525.000000	-375.000000	11.206184
2525.000000	-325.000000	10.715746
2525.000000	-275.000000	10.376292
2525.000000	-225.000000	10.192408
2525.000000	-175.000000	9.998148
2525.000000	-125.000000	9.947631
2525.000000	-75.000000	10.157070
2525.000000	-25.000000	9.743968
2525.000000	25.000000	5.000000
2525.000000	75.000000	7.136188
2525.000000	125.000000	10.391227
2525.000000	175.000000	9.335234
2525.000000	225.000000	5.000000
2525.000000	275.000000	-5.000000
2525.000000	325.000000	9.340297
2525.000000	375.000000	9.270105
2525.000000	425.000000	8.740403
2525.000000	475.000000	8.504006
2525.000000	525.000000	8.139282
2525.000000	575.000000	7.597114
2525.000000	625.000000	6.790232
2525.000000	675.000000	5.160939
2525.000000	725.000000	3.981640
2525.000000	775.000000	3.111900
2525.000000	825.000000	3.099854
2525.000000	875.000000	3.403126
2525.000000	925.000000	4.063960
2525.000000	975.000000	4.296103
2525.000000	1025.000000	4.576530
2525.000000	1075.000000	4.627564
2525.000000	1125.000000	5.000000
2525.000000	1175.000000	5.513767
2525.000000	1225.000000	6.827258
2525.000000	1275.000000	8.556362
2525.000000	1325.000000	9.642297
2525.000000	1375.000000	9.627140
2525.000000	1425.000000	9.146248
2525.000000	1475.000000	8.425581
2525.000000	1525.000000	7.639493
2525.000000	1575.000000	6.918712
2525.000000	1625.000000	6.839467
2525.000000	1675.000000	7.232086
2525.000000	1725.000000	7.697902
2525.000000	1775.000000	7.957666
2525.000000	1825.000000	7.688128
2525.000000	1875.000000	7.566172
2525.000000	1925.000000	6.237560
2525.000000	1975.000000	5.622045
2575.000000	-1975.000000	-7.610645
2575.000000	-1925.000000	-7.169483
2575.000000	-1875.000000	-3.409000
2575.000000	-1825.000000	-0.987402
2575.000000	-1775.000000	0.128520
2575.000000	-1725.000000	0.500132
2575.000000	-1675.000000	0.454100
2575.000000	-1625.000000	0.100649
2575.000000	-1575.000000	-0.317694
2575.000000	-1525.000000	-0.463415
2575.000000	-1475.000000	-0.251634
2575.000000	-1425.000000	-0.255103
2575.000000	-1375.000000	-0.217312
2575.000000	-1325.000000	-0.251985
2575.000000	-1275.000000	0.055867
2575.000000	-1225.000000	0.411916
2575.000000	-1175.000000	0.913393
2575.000000	-1125.000000	1.791452
2575.000000	-1075.000000	5.000000
2575.000000	-1025.000000	6.934356
2575.000000	-975.000000	8.907193
2575.000000	-925.000000	10.144428
2575.000000	-875.000000	11.341383
2575.000000	-825.000000	12.823346
2575.000000	-775.000000	15.000000
2575.000000	-725.000000	15.816954
2575.000000	-675.000000	16.182229
2575.000000	-625.000000	15.415385
2575.000000	-575.000000	14.208153
2575.000000	-525.000000	13.120321
2575.000000	-475.000000	12.377682
2575.000000	-425.000000	11.701770
2575.000000	-375.000000	11.282630
2575.000000	-325.000000	10.949659
2575.000000	-275.000000	10.811502
2575.000000	-225.000000	10.646656
2575.000000	-175.000000	10.520845
2575.000000	-125.000000	10.286569
2575.000000	-75.000000	10.204172
2575.000000	-25.000000	8.875687
2575.000000	25.000000	5.000000
2575.000000	75.000000	10.665114
2575.000000	125.000000	10.413758
2575.000000	175.000000	9.634078
2575.000000	225.000000	5.000000
2575.000000	275.000000	5.786530
2575.000000	325.000000	9.384385
2575.000000	375.000000	9.326813
2575.000000	425.000000	9.073945
2575.000000	475.000000	8.677468
2575.000000	525.000000	8.210325
2575.000000	575.000000	7.067655
2575.000000	625.000000	5.783150
2575.000000	675.000000	4.129134
2575.000000	725.000000	3.752720
2575.000000	775.000000	3.798944
2575.000000	825.000000	4.214309
2575.000000	875.000000	4.238160
2575.000000	925.000000	4.097315
2575.000000	975.000000	3.944073
2575.000000	1025.000000	3.840446
2575.000000	1075.000000	3.943979
2575.000000	1125.000000	5.000000
2575.000000	1175.000000	6.148444
2575.000000	1225.000000	7.735650
2575.000000	1275.000000	9.060325
2575.000000	1325.000000	9.590465
2575.000000	1375.000000	9.296337
2575.000000	1425.000000	8.797398
2575.000000	1475.000000	8.258294
2575.000000	1525.000000	8.156864
2575.000000	1575.000000	8.239496
2575.000000	1625.000000	8.601061
2575.000000	1675.000000	8.901081
2575.000000	1725.000000	9.030629
2575.000000	1775.000000	8.771561
2575.000000	1825.000000	7.912992
2575.000000	1875.000000	7.201637
2575.000000	1925.000000	5.204408
2575.000000	1975.000000	4.385783
2625.000000	-1975.000000	-7.162046
2625.000000	-1925.000000	-5.000000
2625.000000	-1875.000000	-2.529507
2625.000000	-1825.000000	-0.316042
2625.000000	-1775.000000	0.914806
2625.000000	-1725.000000	1.785100
2625.000000	-1675.000000	1.557756
2625.000000	-1625.000000	0.942352
2625.000000	-1575.000000	0.058460
2625.000000	-1525.000000	-0.417987
2625.000000	-1475.000000	-0.486477
2625.000000	-1425.000000	-0.183233
2625.000000	-1375.000000	0.020748
2625.000000	-1325.000000	0.372831
2625.000000	-1275.000000	0.727102
2625.000000	-1225.000000	1.097692
2625.000000	-1175.000000	1.685368
2625.000000	-1125.000000	2.871063
2625.000000	-1075.000000	5.225784
2625.000000	-1025.000000	7.904248
2625.000000	-975.000000	9.296224
2625.000000	-925.000000	10.405307
2625.000000	-875.000000	11.503667
2625.000000	-825.000000	13.200543
2625.000000	-775.000000	15.000000
2625.000000	-725.000000	16.479224
2625.000000	-675.000000	16.738032
2625.000000	-625.000000	16.403328
2625.000000	-575.000000	15.029687
2625.000000	-525.000000	13.560494
2625.000000	-475.000000	12.436473
2625.000000	-425.000000	11.693388
2625.000000	-375.000000	11.145200
2625.000000	-325.000000	10.766752
2625.000000	-275.000000	10.471293
2625.000000	-225.000000	10.431760
2625.000000	-175.000000	10.233255
2625.000000	-125.000000	10.188759
2625.000000	-75.000000	9.768096
2625.000000	-25.000000	5.000000
2625.000000	25.000000	5.000000
2625.000000	75.000000	10.179947
2625.000000	125.000000	10.088311
2625.000000	175.000000	9.601497
2625.000000	225.000000	8.444369
2625.000000	275.000000	9.262456
2625.000000	325.000000	9.350992
2625.000000	375.000000	9.140718
2625.000000	425.000000	8.733751
2625.000000	475.000000	8.225026
2625.000000	525.000000	7.704414
2625.000000	575.000000	6.443708
2625.000000	625.000000	5.556620
2625.000000	675.000000	5.000000
2625.000000	725.000000	5.166823
2625.000000	775.000000	4.594672
2625.000000	825.000000	4.104412
2625.000000	875.000000	3.435399
2625.000000	925.000000	3.182453
2625.000000	975.000000	3.044481
2625.000000	1025.000000	3.238590
2625.000000	1075.000000	4.038371
2625.000000	1125.000000	5.759546
2625.000000	1175.000000	7.334144
2625.000000	1225.000000	8.338997
2625.000000	1275.000000	9.036586
2625.000000	1325.000000	9.055793
2625.000000	1375.000000	8.626721
2625.000000	1425.000000	8.212432
2625.000000	1475.000000	8.318525
2625.000000	1525.000000	8.922586
2625.000000	1575.000000	9.403275
2625.000000	1625.000000	9.749418
2625.000000	1675.000000	9.919396
2625.000000	1725.000000	9.802081
2625.000000	1775.000000	9.184328
2625.000000	1825.000000	7.923104
2625.000000	1875.000000	6.618430
2625.000000	1925.000000	5.000000
2625.000000	1975.000000	3.613759
2675.000000	-1975.000000	-5.000000
2675.000000	-1925.000000	-4.324737
2675.000000	-1875.000000	-1.616829
2675.000000	-1825.000000	0.201457
2675.000000	-1775.000000	1.630282
2675.000000	-1725.000000	3.205768
2675.000000	-1675.000000	3.080386
2675.000000	-1625.000000	1.980765
2675.000000	-1575.000000	0.725776
2675.000000	-1525.000000	-0.254371
2675.000000	-1475.000000	-0.592382
2675.000000	-1425.000000	-0.371935
2675.000000	-1375.000000	0.134956
2675.000000	-1325.000000	0.687426
2675.000000	-1275.000000	1.404155
2675.000000	-1225.000000	1.937558
2675.000000	-1175.000000	3.035761
2675.000000	-1125.000000	5.000000
2675.000000	-1075.000000	7.397443
2675.000000	-1025.000000	8.975563
2675.000000	-975.000000	9.927354
2675.000000	-925.000000	10.650728
2675.000000	-875.000000	11.674615
2675.000000	-825.000000	13.075741
2675.000000	-775.000000	15.000000
2675.000000	-725.000000	16.030832
2675.000000	-675.000000	16.570995
2675.000000	-625.000000	16.192262
2675.000000	-575.000000	15.205876
2675.000000	-525.000000	13.694792
2675.000000	-475.000000	12.635554
2675.000000	-425.000000	11.693722
2675.000000	-375.000000	11.060981
2675.000000	-325.000000	10.513190
2675.000000	-275.000000	10.189095
2675.000000	-225.000000	9.969377
2675.000000	-175.000000	9.896886
2675.000000	-125.000000	9.694811
2675.000000	-75.000000	9.191319
2675.000000	-25.000000	5.000000
2675.000000	25.000000	9.232236
2675.000000	75.000000	10.054142
2675.000000	125.000000	9.808376
2675.000000	175.000000	9.311573
2675.000000	225.000000	9.085861
2675.000000	275.000000	9.037290
2675.000000	325.000000	8.863417
2675.000000	375.000000	8.632576
2675.000000	425.000000	8.193764
2675.000000	475.000000	8.089881
2675.000000	525.000000	7.767207
2675.000000	575.000000	7.202952
2675.000000	625.000000	6.867031
2675.000000	675.000000	6.156639
2675.000000	725.000000	5.317124
2675.000000	775.000000	4.049742
2675.000000	825.000000	3.061890
2675.000000	875.000000	2.666337
2675.000000	925.000000	2.704393
2675.000000	975.000000	3.078274
2675.000000	1025.000000	3.851785
2675.000000	1075.000000	5.500820
2675.000000	1125.000000	6.955767
2675.000000	1175.000000	7.707476
2675.000000	1225.000000	8.129489
2675.000000	1275.000000	8.328223
2675.000000	1325.000000	8.005086
2675.000000	1375.000000	7.537836
2675.000000	1425.000000	7.844459
2675.000000	1475.000000	8.741954
2675.000000	1525.000000	9.725087
2675.000000	1575.000000	10.201952
2675.000000	1625.000000	10.485124
2675.000000	1675.000000	10.530405
2675.000000	1725.000000	10.156794
2675.000000	1775.000000	9.260480
2675.000000	1825.000000	7.816155
2675.000000	1875.000000	5.946581
2675.000000	1925.000000	3.241465
2675.000000	1975.000000	2.785463
2725.000000	-1975.000000	-3.358879
2725.000000	-1925.000000	-2.114699
2725.000000	-1875.000000	-0.669525
2725.000000	-1825.000000	0.729431
2725.000000	-1775.000000	2.127803
2725.000000	-1725.000000	4.388928
2725.000000	-1675.000000	5.000000
2725.000000	-1625.000000	3.396444
2725.000000	-1575.000000	1.600105
2725.000000	-1525.000000	0.336070
2725.000000	-1475.000000	-0.445140
2725.000000	-1425.000000	-0.315370
2725.000000	-1375.000000	0.120996
2725.000000	-1325.000000	0.961133
2725.000000	-1275.000000	1.800544
2725.000000	-1225.000000	2.737273
2725.000000	-1175.000000	5.000000
2725.000000	-1125.000000	7.020142
2725.000000	-1075.000000	8.717836
2725.000000	-1025.000000	9.820367
2725.000000	-975.000000	10.404262
2725.000000	-925.000000	10.981464
2725.000000	-875.000000	11.741484
2725.000000	-825.000000	12.718934
2725.000000	-775.000000	13.670432
2725.000000	-725.000000	15.000000
2725.000000	-675.000000	15.000000
2725.000000	-625.000000	15.000000
2725.000000	-575.000000	13.794802
2725.000000	-525.000000	12.970481
2725.000000	-475.000000	12.172925
2725.000000	-425.000000	11.546216
2725.000000	-375.000000	10.930757
2725.000000	-325.000000	10.444737
2725.000000	-275.000000	9.960781
2725.000000	-225.000000	9.693254
2725.000000	-175.000000	9.437987
2725.000000	-125.000000	9.330823
2725.000000	-75.000000	8.752749
2725.000000	-25.000000	8.201196
2725.000000	25.000000	9.169214
2725.000000	75.000000	9.591247
2725.000000	125.000000	9.413019
2725.000000	175.000000	9.071586
2725.000000	225.000000	8.740059
2725.000000	275.000000	8.404706
2725.000000	325.000000	8.439515
2725.000000	375.000000	8.368584
2725.000000	425.000000	8.691940
2725.000000	475.000000	8.300895
2725.000000	525.000000	7.757682
2725.000000	575.000000	6.953561
2725.000000	625.000000	6.235319
2725.000000	675.000000	5.000000
2725.000000	725.000000	3.936879
2725.000000	775.000000	2.984794
2725.000000	825.000000	2.553172
2725.000000	875.000000	2.696336
2725.000000	925.000000	3.224188
2725.000000	975.000000	4.032240
2725.000000	1025.000000	5.109622
2725.000000	1075.000000	6.122288
2725.000000	1125.000000	6.417497
2725.000000	1175.000000	6.403991
2725.000000	1225.000000	6.472418
2725.000000	1275.000000	6.541530
2725.000000	1325.000000	6.169007
2725.000000	1375.000000	6.616193
2725.000000	1425.000000	8.006843
2725.000000	1475.000000	9.414163
2725.000000	1525.000000	10.372749
2725.000000	1575.000000	10.913633
2725.000000	1625.000000	11.201920
2725.000000	1675.000000	10.956677
2725.000000	1725.000000	10.246553
2725.000000	1775.000000	9.148932
2725.000000	1825.000000	7.514764
2725.000000	1875.000000	5.000000
2725.000000	1925.000000	2.703962
2725.000000	1975.000000	2.299375
2775.000000	-1975.000000	-1.248852
2775.000000	-1925.000000	-0.635643
2775.000000	-1875.000000	0.152209
2775.000000	-1825.000000	1.266596
2775.000000	-1775.000000	2.547047
2775.000000	-1725.000000	5.000000
2775.000000	-1675.000000	5.872445
2775.000000	-1625.000000	5.000000
2775.000000	-1575.000000	2.766789
2775.000000	-1525.000000	1.149016
2775.000000	-1475.000000	0.102189
2775.000000	-1425.000000	-0.141820
2775.000000	-1375.000000	0.184208
2775.000000	-1325.000000	0.782962
2775.000000	-1275.000000	1.635441
2775.000000	-1225.000000	2.788114
2775.000000	-1175.000000	5.168599
2775.000000	-1125.000000	7.774226
2775.000000	-1075.000000	9.313210
2775.000000	-1025.000000	10.223824
2775.000000	-975.000000	10.809470
2775.000000	-925.000000	11.435356
2775.000000	-875.000000	12.172391
2775.000000	-825.000000	12.912878
2775.000000	-775.000000	13.481144
2775.000000	-725.000000	13.794969
2775.000000	-675.000000	13.752735
2775.000000	-625.000000	13.381913
2775.000000	-575.000000	12.780843
2775.000000	-525.000000	12.040134
2775.000000	-475.000000	11.461724
2775.000000	-425.000000	10.952305
2775.000000	-375.000000	10.579520
2775.000000	-325.000000	10.170389
2775.000000	-275.000000	9.706943
2775.000000	-225.000000	9.217927
2775.000000	-175.000000	8.898772
2775.000000	-125.000000	8.677142
2775.000000	-75.000000	8.384842
2775.000000	-25.000000	8.153766
2775.000000	25.000000	8.374107
2775.000000	75.000000	8.583196
2775.000000	125.000000	8.502860
2775.000000	175.000000	8.124824
2775.000000	225.000000	8.032489
2775.000000	275.000000	8.328123
2775.000000	325.000000	8.513911
2775.000000	375.000000	8.355004
2775.000000	425.000000	7.848615
2775.000000	475.000000	7.063029
2775.000000	525.000000	6.252359
2775.000000	575.000000	5.159338
2775.000000	625.000000	5.000000
2775.000000	675.000000	3.509957
2775.000000	725.000000	3.128060
2775.000000	775.000000	2.812332
2775.000000	825.000000	3.107154
2775.000000	875.000000	3.804534
2775.000000	925.000000	4.210930
2775.000000	975.000000	4.572252
2775.000000	1025.000000	4.560875
2775.000000	1075.000000	5.000000
2775.000000	1125.000000	5.000000
2775.000000	1175.000000	3.414398
2775.000000	1225.000000	5.000000
2775.000000	1275.000000	5.000000
2775.000000	1325.000000	5.000000
2775.000000	1375.000000	6.580611
2775.000000	1425.000000	8.683882
2775.000000	1475.000000	10.004385
2775.000000	1525.000000	10.969562
2775.000000	1575.000000	11.531963
2775.000000	1625.000000	11.556686
2775.000000	1675.000000	10.965136
2775.000000	1725.000000	10.034406
2775.000000	1775.000000	8.807275
2775.000000	1825.000000	6.963313
2775.000000	1875.000000	5.000000
2775.000000	1925.000000	2.457623
2775.000000	1975.000000	2.095899
2825.000000	-1975.000000	0.312219
2825.000000	-1925.000000	0.621604
2825.000000	-1875.000000	1.036103
2825.000000	-1825.000000	2.160709
2825.000000	-1775.000000	2.950117
2825.000000	-1725.000000	5.000000
2825.000000	-1675.000000	5.843808
2825.000000	-1625.000000	5.547621
2825.000000	-1575.000000	3.931542
2825.000000	-1525.000000	2.074637
2825.000000	-1475.000000	0.734254
2825.000000	-1425.000000	0.399433
2825.000000	-1375.000000	0.433567
2825.000000	-1325.000000	0.788239
2825.000000	-1275.000000	1.551615
2825.000000	-1225.000000	2.847083
2825.000000	-1175.000000	5.323740
2825.000000	-1125.000000	7.804963
2825.000000	-1075.000000	9.290981
2825.000000	-1025.000000	10.274123
2825.000000	-975.000000	10.932468
2825.000000	-925.000000	11.757742
2825.000000	-875.000000	12.712432
2825.000000	-825.000000	13.532595
2825.000000	-775.000000	13.909962
2825.000000	-725.000000	14.055703
2825.000000	-675.000000	13.782141
2825.000000	-625.000000	13.318341
2825.000000	-575.000000	12.640507
2825.000000	-525.000000	11.862541
2825.000000	-475.000000	11.147926
2825.000000	-425.000000	10.616312
2825.000000	-375.000000	10.244430
2825.000000	-325.000000	9.931655
2825.000000	-275.000000	9.532513
2825.000000	-225.000000	9.086632
2825.000000	-175.000000	8.649403
2825.000000	-125.000000	8.437626
2825.000000	-75.000000	8.198431
2825.000000	-25.000000	7.992482
2825.000000	25.000000	8.035469
2825.000000	75.000000	8.209544
2825.000000	125.000000	8.233895
2825.000000	175.000000	8.044693
2825.000000	225.000000	7.966470
2825.000000	275.000000	7.815281
2825.000000	325.000000	7.510096
2825.000000	375.000000	6.969464
2825.000000	425.000000	6.323441
2825.000000	475.000000	5.406979
2825.000000	525.000000	5.000000
2825.000000	575.000000	3.991696
2825.000000	625.000000	3.709820
2825.000000	675.000000	3.681679
2825.000000	725.000000	3.922542
2825.000000	775.000000	3.928321
2825.000000	825.000000	4.395760
2825.000000	875.000000	4.181794
2825.000000	925.000000	3.671405
2825.000000	975.000000	2.998432
2825.000000	1025.000000	2.290234
2825.000000	1075.000000	1.761854
2825.000000	1125.000000	1.495880
2825.000000	1175.000000	1.656069
2825.000000	1225.000000	2.166837
2825.000000	1275.000000	3.069224
2825.000000	1325.000000	5.000000
2825.000000	1375.000000	7.384138
2825.000000	1425.000000	9.319361
2825.000000	1475.000000	10.368955
2825.000000	1525.000000	11.299057
2825.000000	1575.000000	11.521064
2825.000000	1625.000000	11.246395
2825.000000	1675.000000	10.472613
2825.000000	1725.000000	9.612389
2825.000000	1775.000000	8.281376
2825.000000	1825.000000	6.331852
2825.000000	1875.000000	5.000000
2825.000000	1925.000000	2.579270
2825.000000	1975.000000	2.265382
2875.000000	-1975.000000	5.000000
2875.000000	-1925.000000	5.000000
2875.000000	-1875.000000	2.680642
2875.000000	-1825.000000	3.495639
2875.000000	-1775.000000	3.451657
2875.000000	-1725.000000	4.109632
2875.000000	-1675.000000	5.237021
2875.000000	-1625.000000	5.106866
2875.000000	-1575.000000	4.669236
2875.000000	-1525.000000	2.995823
2875.000000	-1475.000000	1.759802
2875.000000	-1425.000000	1.157435
2875.000000	-1375.000000	0.963106
2875.000000	-1325.000000	1.122611
2875.000000	-1275.000000	1.821036
2875.000000	-1225.000000	3.021403
2875.000000	-1175.000000	5.414579
2875.000000	-1125.000000	7.591226
2875.000000	-1075.000000	8.960311
2875.000000	-1025.000000	9.932475
2875.000000	-975.000000	10.690288
2875.000000	-925.000000	11.610953
2875.000000	-875.000000	12.601378
2875.000000	-825.000000	13.547696
2875.000000	-775.000000	14.203882
2875.000000	-725.000000	14.533797
2875.000000	-675.000000	14.357541
2875.000000	-625.000000	13.903522
2875.000000	-575.000000	13.170720
2875.000000	-525.000000	12.247479
2875.000000	-475.000000	11.368711
2875.000000	-425.000000	10.668525
2875.000000	-375.000000	10.169317
2875.000000	-325.000000	9.828278
2875.000000	-275.000000	9.462176
2875.000000	-225.000000	9.028003
2875.000000	-175.000000	8.540980
2875.000000	-125.000000	8.219485
2875.000000	-75.000000	7.983361
2875.000000	-25.000000	7.829664
2875.000000	25.000000	7.587606
2875.000000	75.000000	7.446583
2875.000000	125.000000	7.306968
2875.000000	175.000000	7.109081
2875.000000	225.000000	6.854606
2875.000000	275.000000	6.593337
2875.000000	325.000000	6.196740
2875.000000	375.000000	5.778849
2875.000000	425.000000	5.313391
2875.000000	475.000000	5.000000
2875.000000	525.000000	5.000000
2875.000000	575.000000	5.000000
2875.000000	625.000000	5.127337
2875.000000	675.000000	5.357197
2875.000000	725.000000	5.092704
2875.000000	775.000000	4.778376
2875.000000	825.000000	3.945265
2875.000000	875.000000	2.956629
2875.000000	925.000000	1.994158
2875.000000	975.000000	1.303861
2875.000000	1025.000000	0.784025
2875.000000	1075.000000	0.560280
2875.000000	1125.000000	0.614018
2875.000000	1175.000000	1.059346
2875.000000	1225.000000	1.816295
2875.000000	1275.000000	3.158016
2875.000000	1325.000000	5.531639
2875.000000	1375.000000	8.183254
2875.000000	1425.000000	9.634347
2875.000000	1475.000000	10.376568
2875.000000	1525.000000	10.916295
2875.000000	1575.000000	10.746466
2875.000000	1625.000000	10.386790
2875.000000	1675.000000	9.783675
2875.000000	1725.000000	9.002720
2875.000000	1775.000000	7.527218
2875.000000	1825.000000	5.659212
2875.000000	1875.000000	3.826981
2875.000000	1925.000000	2.981233
2875.000000	1975.000000	2.729170
2925.000000	-1975.000000	7.874365
2925.000000	-1925.000000	7.564582
2925.000000	-1875.000000	5.693929
2925.000000	-1825.000000	5.367017
2925.000000	-1775.000000	4.035664
2925.000000	-1725.000000	3.833754
2925.000000	-1675.000000	4.197326
2925.000000	-1625.000000	4.164190
2925.000000	-1575.000000	4.247322
2925.000000	-1525.000000	3.618475
2925.000000	-1475.000000	2.921469
2925.000000	-1425.000000	2.448735
2925.000000	-1375.000000	2.252116
2925.000000	-1325.000000	2.369165
2925.000000	-1275.000000	2.999762
2925.000000	-1225.000000	5.000000
2925.000000	-1175.000000	6.549349
2925.000000	-1125.000000	7.942989
2925.000000	-1075.000000	8.897435
2925.000000	-1025.000000	9.657310
2925.000000	-975.000000	10.276587
2925.000000	-925.000000	10.912721
2925.000000	-875.000000	11.558178
2925.000000	-825.000000	12.170817
2925.000000	-775.000000	12.545930
2925.000000	-725.000000	12.791470
2925.000000	-675.000000	12.797235
2925.000000	-625.000000	12.584004
2925.000000	-575.000000	12.204550
2925.000000	-525.000000	11.693089
2925.000000	-475.000000	11.151234
2925.000000	-425.000000	10.633144
2925.000000	-375.000000	10.180021
2925.000000	-325.000000	9.823514
2925.000000	-275.000000	9.453525
2925.000000	-225.000000	9.057466
2925.000000	-175.000000	8.581178
2925.000000	-125.000000	8.142979
2925.000000	-75.000000	7.789123
2925.000000	-25.000000	7.504986
2925.000000	25.000000	7.170848
2925.000000	75.000000	6.840894
2925.000000	125.000000	6.650963
2925.000000	175.000000	6.509859
2925.000000	225.000000	6.399042
2925.000000	275.000000	6.268617
2925.000000	325.000000	6.072079
2925.000000	375.000000	5.872564
2925.000000	425.000000	5.956273
2925.000000	475.000000	6.110966
2925.000000	525.000000	6.322396
2925.000000	575.000000	6.283217
2925.000000	625.000000	6.064525
2925.000000	675.000000	5.447971
2925.000000	725.000000	4.346274
2925.000000	775.000000	3.193245
2925.000000	825.000000	2.037249
2925.000000	875.000000	1.139748
2925.000000	925.000000	0.530979
2925.000000	975.000000	0.235753
2925.000000	1025.000000	0.081076
2925.000000	1075.000000	0.131126
2925.000000	1125.000000	0.452873
2925.000000	1175.000000	1.162204
2925.000000	1225.000000	2.195006
2925.000000	1275.000000	5.000000
2925.000000	1325.000000	6.559234
2925.000000	1375.000000	8.496626
2925.000000	1425.000000	9.430400
2925.000000	1475.000000	9.840018
2925.000000	1525.000000	10.009816
2925.000000	1575.000000	9.740914
2925.000000	1625.000000	9.429679
2925.000000	1675.000000	8.934683
2925.000000	1725.000000	8.122025
2925.000000	1775.000000	6.597100
2925.000000	1825.000000	5.120649
2925.000000	1875.000000	4.043708
2925.000000	1925.000000	3.707039
2925.000000	1975.000000	3.571803
2975.000000	-1975.000000	10.066183
2975.000000	-1925.000000	9.916783
2975.000000	-1875.000000	8.477242
2975.000000	-1825.000000	7.277505
2975.000000	-1775.000000	5.197040
2975.000000	-1725.000000	3.724526
2975.000000	-1675.000000	3.532851
2975.000000	-1625.000000	3.308340
2975.000000	-1575.000000	3.517105
2975.000000	-1525.000000	3.375471
2975.000000	-1475.000000	3.467415
2975.000000	-1425.000000	3.492187
2975.000000	-1375.000000	4.097104
2975.000000	-1325.000000	5.000000
2975.000000	-1275.000000	5.644070
2975.000000	-1225.000000	6.639980
2975.000000	-1175.000000	7.781060
2975.000000	-1125.000000	8.582826
2975.000000	-1075.000000	9.189631
2975.000000	-1025.000000	9.695862
2975.000000	-975.000000	10.071912
2975.000000	-925.000000	10.365139
2975.000000	-875.000000	10.579184
2975.000000	-825.000000	10.742416
2975.000000	-775.000000	10.875752
2975.000000	-725.000000	10.908631
2975.000000	-675.000000	10.720721
2975.000000	-625.000000	10.585234
2975.000000	-575.000000	10.429143
2975.000000	-525.000000	10.280531
2975.000000	-475.000000	10.095254
2975.000000	-425.000000	9.880618
2975.000000	-375.000000	9.575506
2975.000000	-325.000000	9.294730
2975.000000	-275.000000	8.982288
2975.000000	-225.000000	8.673811
2975.000000	-175.000000	8.322804
2975.000000	-125.000000	8.001450
2975.000000	-75.000000	7.687309
2975.000000	-25.000000	7.478895
2975.000000	25.000000	7.219629
2975.000000	75.000000	6.999216
2975.000000	125.000000	6.778813
2975.000000	175.000000	6.670860
2975.000000	225.000000	6.595140
2975.000000	275.000000	6.649554
2975.000000	325.000000	6.715094
2975.000000	375.000000	6.826304
2975.000000	425.000000	6.873546
2975.000000	475.000000	6.728017
2975.000000	525.000000	6.402890
2975.000000	575.000000	5.757786
2975.000000	625.000000	5.000000
2975.000000	675.000000	3.314517
2975.000000	725.000000	2.119465
2975.000000	775.000000	1.195749
2975.000000	825.000000	0.502240
2975.000000	875.000000	0.097329
2975.000000	925.000000	-0.115298
2975.000000	975.000000	-0.144195
2975.000000	1025.000000	-0.099232
2975.000000	1075.000000	0.217184
2975.000000	1125.000000	0.825436
2975.000000	1175.000000	1.792772
2975.000000	1225.000000	3.077532
2975.000000	1275.000000	5.104369
2975.000000	1325.000000	6.961322
2975.000000	1375.000000	8.116305
2975.000000	1425.000000	8.555031
2975.000000	1475.000000	8.639725
2975.000000	1525.000000	8.654510
2975.000000	1575.000000	8.352931
2975.000000	1625.000000	8.033935
2975.000000	1675.000000	7.543105
2975.000000	1725.000000	6.750953
2975.000000	1775.000000	5.392552
2975.000000	1825.000000	5.000000
2975.000000	1875.000000	4.363743
2975.000000	1925.000000	5.000000
2975.000000	1975.000000	5.000000
3025.000000	-1975.000000	11.721201
3025.000000	-1925.000000	11.299065
3025.000000	-1875.000000	9.981563
3025.000000	-1825.000000	8.771807
3025.000000	-1775.000000	6.572850
3025.000000	-1725.000000	5.000000
3025.000000	-1675.000000	2.908448
3025.000000	-1625.000000	2.420632
3025.000000	-1575.000000	2.416467
3025.000000	-1525.000000	2.611452
3025.000000	-1475.000000	3.078504
3025.000000	-1425.000000	3.678502
3025.000000	-1375.000000	5.109821
3025.000000	-1325.000000	6.725056
3025.000000	-1275.000000	7.745309
3025.000000	-1225.000000	8.211952
3025.000000	-1175.000000	8.718206
3025.000000	-1125.000000	9.253615
3025.000000	-1075.000000	9.614621
3025.000000	-1025.000000	9.881534
3025.000000	-975.000000	10.024734
3025.000000	-925.000000	10.097618
3025.000000	-875.000000	10.062143
3025.000000	-825.000000	9.988125
3025.000000	-775.000000	9.852016
3025.000000	-725.000000	9.601598
3025.000000	-675.000000	9.260306
3025.000000	-625.000000	8.919155
3025.000000	-575.000000	8.697644
3025.000000	-525.000000	8.492402
3025.000000	-475.000000	8.341423
3025.000000	-425.000000	8.183396
3025.000000	-375.000000	8.030556
3025.000000	-325.000000	7.821060
3025.000000	-275.000000	7.601004
3025.000000	-225.000000	7.401593
3025.000000	-175.000000	7.199551
3025.000000	-125.000000	7.001345
3025.000000	-75.000000	6.790576
3025.000000	-25.000000	6.705501
3025.000000	25.000000	6.643758
3025.000000	75.000000	6.608655
3025.000000	125.000000	6.566904
3025.000000	175.000000	6.551957
3025.000000	225.000000	6.612045
3025.000000	275.000000	6.670477
3025.000000	325.000000	6.575965
3025.000000	375.000000	6.314551
3025.000000	425.000000	5.839529
3025.000000	475.000000	5.041075
3025.000000	525.000000	5.000000
3025.000000	575.000000	3.025303
3025.000000	625.000000	2.028860
3025.000000	675.000000	1.191943
3025.000000	725.000000	0.546964
3025.000000	775.000000	0.132601
3025.000000	825.000000	-0.140536
3025.000000	875.000000	-0.256061
3025.000000	925.000000	-0.252743
3025.000000	975.000000	-0.145702
3025.000000	1025.000000	0.117055
3025.000000	1075.000000	0.743702
3025.000000	1125.000000	1.521230
3025.000000	1175.000000	2.555947
3025.000000	1225.000000	3.666395
3025.000000	1275.000000	5.102370
3025.000000	1325.000000	6.039197
3025.000000	1375.000000	6.595313
3025.000000	1425.000000	6.398589
3025.000000	1475.000000	6.139224
3025.000000	1525.000000	5.926598
3025.000000	1575.000000	5.680548
3025.000000	1625.000000	5.413792
3025.000000	1675.000000	5.048943
3025.000000	1725.000000	5.000000
3025.000000	1775.000000	4.091995
3025.000000	1825.000000	4.275544
3025.000000	1875.000000	5.000000
3025.000000	1925.000000	5.602063
3025.000000	1975.000000	5.756287
3075.000000	-1975.000000	15.000000
3075.000000	-1925.000000	13.214320
3075.000000	-1875.000000	11.149824
3075.000000	-1825.000000	9.899212
3075.000000	-1775.000000	8.063351
3075.000000	-1725.000000	5.173725
3075.000000	-1675.000000	2.907345
3075.000000	-1625.000000	2.004609
3075.000000	-1575.000000	1.852858
3075.000000	-1525.000000	2.128172
3075.000000	-1475.000000	2.736463
3075.000000	-1425.000000	3.545820
3075.000000	-1375.000000	5.345874
3075.000000	-1325.000000	7.175661
3075.000000	-1275.000000	8.571292
3075.000000	-1225.000000	9.145591
3075.000000	-1175.000000	9.452470
3075.000000	-1125.000000	9.724762
3075.000000	-1075.000000	9.977753
3075.000000	-1025.000000	10.109058
3075.000000	-975.000000	10.141079
3075.000000	-925.000000	10.078969
3075.000000	-875.000000	9.939496
3075.000000	-825.000000	9.700841
3075.000000	-775.000000	9.380399
3075.000000	-725.000000	8.903524
3075.000000	-675.000000	8.221418
3075.000000	-625.000000	7.377918
3075.000000	-575.000000	6.493632
3075.000000	-525.000000	5.774751
3075.000000	-475.000000	5.097369
3075.000000	-425.000000	5.000000
3075.000000	-375.000000	5.000000
3075.000000	-325.000000	5.000000
3075.000000	-275.000000	5.000000
3075.000000	-225.000000	5.000000
3075.000000	-175.000000	5.000000
3075.000000	-125.000000	5.000000
3075.000000	-75.000000	5.000000
3075.000000	-25.000000	5.000000
3075.000000	25.000000	5.000000
3075.000000	75.000000	5.000000
3075.000000	125.000000	5.000000
3075.000000	175.000000	5.000000
3075.000000	225.000000	5.000000
3075.000000	275.000000	5.000000
3075.000000	325.000000	5.000000
3075.000000	375.000000	3.516508
3075.000000	425.000000	2.960056
3075.000000	475.000000	2.352803
3075.000000	525.000000	1.705982
3075.000000	575.000000	1.140332
3075.000000	625.000000	0.641879
3075.000000	675.000000	0.282335
3075.000000	725.000000	0.024372
3075.000000	775.000000	-0.106699
3075.000000	825.000000	-0.177460
3075.000000	875.000000	-0.131868
3075.000000	925.000000	-0.017295
3075.000000	975.000000	0.297735
3075.000000	1025.000000	0.842855
3075.000000	1075.000000	1.509187
3075.000000	1125.000000	2.090552
3075.000000	1175.000000	2.677786
3075.000000	1225.000000	3.087997
3075.000000	1275.000000	3.507146
3075.000000	1325.000000	3.599032
3075.000000	1375.000000	3.370810
3075.000000	1425.000000	2.807106
3075.000000	1475.000000	2.538168
3075.000000	1525.000000	2.357725
3075.000000	1575.000000	2.227420
3075.000000	1625.000000	2.303158
3075.000000	1675.000000	2.503929
3075.000000	1725.000000	2.845224
3075.000000	1775.000000	3.128604
3075.000000	1825.000000	3.928556
3075.000000	1875.000000	5.000000
3075.000000	1925.000000	6.084101
3075.000000	1975.000000	6.286891
3125.000000	-1975.000000	16.626222
3125.000000	-1925.000000	15.401529
3125.000000	-1875.000000	12.372329
3125.000000	-1825.000000	10.782634
3125.000000	-1775.000000	9.203139
3125.000000	-1725.000000	6.735384
3125.000000	-1675.000000	5.000000
3125.000000	-1625.000000	2.237389
3125.000000	-1575.000000	1.724107
3125.000000	-1525.000000	1.795769
3125.000000	-1475.000000	2.233170
3125.000000	-1425.000000	2.945002
3125.000000	-1375.000000	5.000000
3125.000000	-1325.000000	6.578267
3125.000000	-1275.000000	8.252009
3125.000000	-1225.000000	9.232573
3125.000000	-1175.000000	9.722103
3125.000000	-1125.000000	9.999898
3125.000000	-1075.000000	10.178159
3125.000000	-1025.000000	10.284270
3125.000000	-975.000000	10.289693
3125.000000	-925.000000	10.181747
3125.000000	-875.000000	10.015245
3125.000000	-825.000000	9.709343
3125.000000	-775.000000	9.348334
3125.000000	-725.000000	8.761816
3125.000000	-675.000000	8.013255
3125.000000	-625.000000	6.688647
3125.000000	-575.000000	5.233402
3125.000000	-525.000000	3.714150
3125.000000	-475.000000	2.949993
3125.000000	-425.000000	2.362888
3125.000000	-375.000000	2.050743
3125.000000	-325.000000	1.818200
3125.000000	-275.000000	1.698592
3125.000000	-225.000000	1.662338
3125.000000	-175.000000	1.658894
3125.000000	-125.000000	1.721272
3125.000000	-75.000000	1.794655
3125.000000	-25.000000	1.893802
3125.000000	25.000000	1.967175
3125.000000	75.000000	2.042574
3125.000000	125.000000	2.067814
3125.000000	175.000000	2.070312
3125.000000	225.000000	2.006351
3125.000000	275.000000	1.918106
3125.000000	325.000000	1.738820
3125.000000	375.000000	1.509985
3125.000000	425.000000	1.231298
3125.000000	475.000000	0.958640
3125.000000	525.000000	0.681514
3125.000000	575.000000	0.456760
3125.000000	625.000000	0.251928
3125.000000	675.000000	0.135513
3125.000000	725.000000	0.067150
3125.000000	775.000000	0.091379
3125.000000	825.000000	0.158725
3125.000000	875.000000	0.348677
3125.000000	925.000000	0.689831
3125.000000	975.000000	1.181234
3125.000000	1025.000000	1.495053
3125.000000	1075.000000	1.720253
3125.000000	1125.000000	1.722406
3125.000000	1175.000000	1.704862
3125.000000	1225.000000	1.606842
3125.000000	1275.000000	1.431785
3125.000000	1325.000000	1.012529
3125.000000	1375.000000	0.705807
3125.000000	1425.000000	0.411416
3125.000000	1475.000000	0.382169
3125.000000	1525.000000	0.400462
3125.000000	1575.000000	0.486018
3125.000000	1625.000000	0.651819
3125.000000	1675.000000	1.027108
3125.000000	1725.000000	1.614280
3125.000000	1775.000000	2.362516
3125.000000	1825.000000	3.501204
3125.000000	1875.000000	5.000000
3125.000000	1925.000000	6.067311
3125.000000	1975.000000	6.356348
3175.000000	-1975.000000	17.457338
3175.000000	-1925.000000	16.728701
3175.000000	-1875.000000	15.000000
3175.000000	-1825.000000	11.619474
3175.000000	-1775.000000	10.136082
3175.000000	-1725.000000	8.121813
3175.000000	-1675.000000	6.028845
3175.000000	-1625.000000	3.541269
3175.000000	-1575.000000	2.443669
3175.000000	-1525.000000	2.073313
3175.000000	-1475.000000	2.274823
3175.000000	-1425.000000	2.669657
3175.000000	-1375.000000	3.732383
3175.000000	-1325.000000	5.439472
3175.000000	-1275.000000	7.321097
3175.000000	-1225.000000	8.583582
3175.000000	-1175.000000	9.443292
3175.000000	-1125.000000	9.921042
3175.000000	-1075.000000	10.238793
3175.000000	-1025.000000	10.418035
3175.000000	-975.000000	10.512020
3175.000000	-925.000000	10.386432
3175.000000	-875.000000	10.192276
3175.000000	-825.000000	9.868992
3175.000000	-775.000000	9.464409
3175.000000	-725.000000	8.836664
3175.000000	-675.000000	7.960195
3175.000000	-625.000000	6.849214
3175.000000	-575.000000	5.071767
3175.000000	-525.000000	3.647248
3175.000000	-475.000000	2.509641
3175.000000	-425.000000	1.916971
3175.000000	-375.000000	1.425828
3175.000000	-325.000000	1.163030
3175.000000	-275.000000	0.934207
3175.000000	-225.000000	0.847544
3175.000000	-175.000000	0.786853
3175.000000	-125.000000	0.786886
3175.000000	-75.000000	0.835414
3175.000000	-25.000000	0.882882
3175.000000	25.000000	0.963280
3175.000000	75.000000	1.010550
3175.000000	125.000000	1.064310
3175.000000	175.000000	1.075327
3175.000000	225.000000	1.045526
3175.000000	275.000000	0.992027
3175.000000	325.000000	0.916611
3175.000000	375.000000	0.834913
3175.000000	425.000000	0.741213
3175.000000	475.000000	0.674921
3175.000000	525.000000	0.597763
3175.000000	575.000000	0.546735
3175.000000	625.000000	0.503734
3175.000000	675.000000	0.554805
3175.000000	725.000000	0.635228
3175.000000	775.000000	0.789875
3175.000000	825.000000	1.021486
3175.000000	875.000000	1.340689
3175.000000	925.000000	1.461528
3175.000000	975.000000	1.469126
3175.000000	1025.000000	1.297439
3175.000000	1075.000000	1.054972
3175.000000	1125.000000	0.777014
3175.000000	1175.000000	0.502802
3175.000000	1225.000000	0.049073
3175.000000	1275.000000	-0.490887
3175.000000	1325.000000	-0.937695
3175.000000	1375.000000	-1.160206
3175.000000	1425.000000	-1.338062
3175.000000	1475.000000	-1.288364
3175.000000	1525.000000	-1.110891
3175.000000	1575.000000	-0.731698
3175.000000	1625.000000	-0.329847
3175.000000	1675.000000	0.125478
3175.000000	1725.000000	0.733242
3175.000000	1775.000000	1.587615
3175.000000	1825.000000	2.809916
3175.000000	1875.000000	3.894904
3175.000000	1925.000000	5.300564
3175.000000	1975.000000	5.606441
3225.000000	-1975.000000	17.166292
3225.000000	-1925.000000	16.678554
3225.000000	-1875.000000	15.000000
3225.000000	-1825.000000	12.258288
3225.000000	-1775.000000	10.542572
3225.000000	-1725.000000	9.018730
3225.000000	-1675.000000	7.801063
3225.000000	-1625.000000	5.837028
3225.000000	-1575.000000	3.599018
3225.000000	-1525.000000	2.555634
3225.000000	-1475.000000	2.212803
3225.000000	-1425.000000	2.263891
3225.000000	-1375.000000	2.724394
3225.000000	-1325.000000	3.600903
3225.000000	-1275.000000	5.207227
3225.000000	-1225.000000	6.914725
3225.000000	-1175.000000	8.175449
3225.000000	-1125.000000	8.945564
3225.000000	-1075.000000	9.450002
3225.000000	-1025.000000	9.763111
3225.000000	-975.000000	9.937269
3225.000000	-925.000000	9.891575
3225.000000	-875.000000	9.780863
3225.000000	-825.000000	9.421004
3225.000000	-775.000000	9.009341
3225.000000	-725.000000	8.254962
3225.000000	-675.000000	7.434629
3225.000000	-625.000000	5.980328
3225.000000	-575.000000	5.000000
3225.000000	-525.000000	2.945051
3225.000000	-475.000000	2.165890
3225.000000	-425.000000	1.451376
3225.000000	-375.000000	1.093103
3225.000000	-325.000000	0.793493
3225.000000	-275.000000	0.640805
3225.000000	-225.000000	0.540019
3225.000000	-175.000000	0.514306
3225.000000	-125.000000	0.525294
3225.000000	-75.000000	0.579872
3225.000000	-25.000000	0.672970
3225.000000	25.000000	0.755539
3225.000000	75.000000	0.863349
3225.000000	125.000000	0.948243
3225.000000	175.000000	1.047864
3225.000000	225.000000	1.102055
3225.000000	275.000000	1.174917
3225.000000	325.000000	1.205882
3225.000000	375.000000	1.272168
3225.000000	425.000000	1.274938
3225.000000	475.000000	1.310358
3225.000000	525.000000	1.310023
3225.000000	575.000000	1.357636
3225.000000	625.000000	1.406319
3225.000000	675.000000	1.539769
3225.000000	725.000000	1.629265
3225.000000	775.000000	1.698724
3225.000000	825.000000	1.652935
3225.000000	875.000000	1.578430
3225.000000	925.000000	1.270171
3225.000000	975.000000	0.917826
3225.000000	1025.000000	0.534869
3225.000000	1075.000000	0.150690
3225.000000	1125.000000	-0.425152
3225.000000	1175.000000	-1.143885
3225.000000	1225.000000	-2.030291
3225.000000	1275.000000	-2.884024
3225.000000	1325.000000	-3.694665
3225.000000	1375.000000	-3.963835
3225.000000	1425.000000	-4.110889
3225.000000	1475.000000	-3.727107
3225.000000	1525.000000	-3.137075
3225.000000	1575.000000	-2.182602
3225.000000	1625.000000	-1.329637
3225.000000	1675.000000	-0.538413
3225.000000	1725.000000	0.121269
3225.000000	1775.000000	0.860735
3225.000000	1825.000000	1.877088
3225.000000	1875.000000	2.776251
3225.000000	1925.000000	3.774088
3225.000000	1975.000000	3.994281
3275.000000	-1975.000000	15.933683
3275.000000	-1925.000000	15.592897
3275.000000	-1875.000000	14.291073
3275.000000	-1825.000000	12.502405
3275.000000	-1775.000000	10.808570
3275.000000	-1725.000000	9.663414
3275.000000	-1675.000000	9.053102
3275.000000	-1625.000000	7.887139
3275.000000	-1575.000000	6.334565
3275.000000	-1525.000000	5.000000
3275.000000	-1475.000000	3.251159
3275.000000	-1425.000000	2.856706
3275.000000	-1375.000000	2.874149
3275.000000	-1325.000000	2.988021
3275.000000	-1275.000000	3.587955
3275.000000	-1225.000000	5.000000
3275.000000	-1175.000000	5.910625
3275.000000	-1125.000000	6.782081
3275.000000	-1075.000000	7.471557
3275.000000	-1025.000000	7.617436
3275.000000	-975.000000	7.877979
3275.000000	-925.000000	7.928262
3275.000000	-875.000000	8.086215
3275.000000	-825.000000	7.847237
3275.000000	-775.000000	7.553112
3275.000000	-725.000000	7.013704
3275.000000	-675.000000	6.127544
3275.000000	-625.000000	5.044050
3275.000000	-575.000000	3.703666
3275.000000	-525.000000	2.870905
3275.000000	-475.000000	1.998967
3275.000000	-425.000000	1.511339
3275.000000	-375.000000	1.004712
3275.000000	-325.000000	0.743664
3275.000000	-275.000000	0.483523
3275.000000	-225.000000	0.387272
3275.000000	-175.000000	0.306106
3275.000000	-125.000000	0.309513
3275.000000	-75.000000	0.356092
3275.000000	-25.000000	0.461097
3275.000000	25.000000	0.614708
3275.000000	75.000000	0.786229
3275.000000	125.000000	0.978653
3275.000000	175.000000	1.174880
3275.000000	225.000000	1.371965
3275.000000	275.000000	1.553686
3275.000000	325.000000	1.709643
3275.000000	375.000000	1.863409
3275.000000	425.000000	1.976677
3275.000000	475.000000	2.092751
3275.000000	525.000000	2.149726
3275.000000	575.000000	2.228209
3275.000000	625.000000	2.214476
3275.000000	675.000000	2.193484
3275.000000	725.000000	2.037948
3275.000000	775.000000	1.823683
3275.000000	825.000000	1.447437
3275.000000	875.000000	1.043499
3275.000000	925.000000	0.584813
3275.000000	975.000000	0.136903
3275.000000	1025.000000	-0.497771
3275.000000	1075.000000	-1.334465
3275.000000	1125.000000	-2.463835
3275.000000	1175.000000	-3.854355
3275.000000	1225.000000	-5.000000
3275.000000	1275.000000	-5.000000
3275.000000	1325.000000	-7.018417
3275.000000	1375.000000	-7.149837
3275.000000	1425.000000	-7.133745
3275.000000	1475.000000	-6.712128
3275.000000	1525.000000	-5.000000
3275.000000	1575.000000	-4.024656
3275.000000	1625.000000	-2.457065
3275.000000	1675.000000	-1.252273
3275.000000	1725.000000	-0.402187
3275.000000	1775.000000	0.222878
3275.000000	1825.000000	0.923194
3275.000000	1875.000000	1.531018
3275.000000	1925.000000	2.180328
3275.000000	1975.000000	2.343116
3325.000000	-1975.000000	13.214849
3325.000000	-1925.000000	13.134503
3325.000000	-1875.000000	12.775635
3325.000000	-1825.000000	12.011263
3325.000000	-1775.000000	10.918320
3325.000000	-1725.000000	10.081514
3325.000000	-1675.000000	9.607040
3325.000000	-1625.000000	8.969290
3325.000000	-1575.000000	8.051469
3325.000000	-1525.000000	6.680236
3325.000000	-1475.000000	5.098050
3325.000000	-1425.000000	5.000000
3325.000000	-1375.000000	3.561414
3325.000000	-1325.000000	3.138099
3325.000000	-1275.000000	2.881792
3325.000000	-1225.000000	2.899763
3325.000000	-1175.000000	3.142074
3325.000000	-1125.000000	5.000000
3325.000000	-1075.000000	5.000000
3325.000000	-1025.000000	5.000000
3325.000000	-975.000000	5.000000
3325.000000	-925.000000	5.000000
3325.000000	-875.000000	5.000000
3325.000000	-825.000000	5.000000
3325.000000	-775.000000	5.000000
3325.000000	-725.000000	5.000000
3325.000000	-675.000000	3.405951
3325.000000	-625.000000	2.927416
3325.000000	-575.000000	2.630207
3325.000000	-525.000000	2.156217
3325.000000	-475.000000	1.870260
3325.000000	-425.000000	1.499697
3325.000000	-375.000000	1.302903
3325.000000	-325.000000	1.057000
3325.000000	-275.000000	0.929580
3325.000000	-225.000000	0.779430
3325.000000	-175.000000	0.708927
3325.000000	-125.000000	0.672686
3325.000000	-75.000000	0.686804
3325.000000	-25.000000	0.727969
3325.000000	25.000000	0.818119
3325.000000	75.000000	0.957860
3325.000000	125.000000	1.111598
3325.000000	175.000000	1.296335
3325.000000	225.000000	1.484103
3325.000000	275.000000	1.714193
3325.000000	325.000000	1.940173
3325.000000	375.000000	2.242014
3325.000000	425.000000	2.435736
3325.000000	475.000000	2.610623
3325.000000	525.000000	2.620949
3325.000000	575.000000	2.602375
3325.000000	625.000000	2.379166
3325.000000	675.000000	2.128809
3325.000000	725.000000	1.748353
3325.000000	775.000000	1.291977
3325.000000	825.000000	0.752624
3325.000000	875.000000	0.244972
3325.000000	925.000000	-0.406171
3325.000000	975.000000	-1.224578
3325.000000	1025.000000	-2.401578
3325.000000	1075.000000	-3.938164
3325.000000	1125.000000	-5.000000
3325.000000	1175.000000	-7.077091
3325.000000	1225.000000	-7.870104
3325.000000	1275.000000	-8.314202
3325.000000	1325.000000	-8.591532
3325.000000	1375.000000	-8.610760
3325.000000	1425.000000	-8.548126
3325.000000	1475.000000	-8.192930
3325.000000	1525.000000	-7.433594
3325.000000	1575.000000	-5.000000
3325.000000	1625.000000	-3.660472
3325.000000	1675.000000	-2.004203
3325.000000	1725.000000	-1.010810
3325.000000	1775.000000	-0.350519
3325.000000	1825.000000	0.114175
3325.000000	1875.000000	0.451000
3325.000000	1925.000000	0.811913
3325.000000	1975.000000	0.930329
3375.000000	-1975.000000	11.364324
3375.000000	-1925.000000	11.382939
3375.000000	-1875.000000	11.478461
3375.000000	-1825.000000	11.276707
3375.000000	-1775.000000	10.928509
3375.000000	-1725.000000	10.374060
3375.000000	-1675.000000	10.018020
3375.000000	-1625.000000	9.600349
3375.000000	-1575.000000	9.214002
3375.000000	-1525.000000	8.534016
3375.000000	-1475.000000	7.698837
3375.000000	-1425.000000	6.620666
3375.000000	-1375.000000	5.501446
3375.000000	-1325.000000	5.000000
3375.000000	-1275.000000	3.335077
3375.000000	-1225.000000	2.556686
3375.000000	-1175.000000	2.202810
3375.000000	-1125.000000	1.884598
3375.000000	-1075.000000	1.729848
3375.000000	-1025.000000	1.367097
3375.000000	-975.000000	1.124669
3375.000000	-925.000000	0.798380
3375.000000	-875.000000	0.738701
3375.000000	-825.000000	0.668759
3375.000000	-775.000000	0.645836
3375.000000	-725.000000	0.576189
3375.000000	-675.000000	0.517610
3375.000000	-625.000000	0.511306
3375.000000	-575.000000	0.456102
3375.000000	-525.000000	0.479699
3375.000000	-475.000000	0.429370
3375.000000	-425.000000	0.459139
3375.000000	-375.000000	0.437624
3375.000000	-325.000000	0.506231
3375.000000	-275.000000	0.534322
3375.000000	-225.000000	0.637488
3375.000000	-175.000000	0.699324
3375.000000	-125.000000	0.865750
3375.000000	-75.000000	1.029203
3375.000000	-25.000000	1.206275
3375.000000	25.000000	1.390345
3375.000000	75.000000	1.572470
3375.000000	125.000000	1.774186
3375.000000	175.000000	1.968651
3375.000000	225.000000	2.164572
3375.000000	275.000000	2.345782
3375.000000	325.000000	2.485909
3375.000000	375.000000	2.649618
3375.000000	425.000000	2.745028
3375.000000	475.000000	2.760041
3375.000000	525.000000	2.624447
3375.000000	575.000000	2.410776
3375.000000	625.000000	2.023652
3375.000000	675.000000	1.617172
3375.000000	725.000000	1.063885
3375.000000	775.000000	0.474061
3375.000000	825.000000	-0.232019
3375.000000	875.000000	-1.019471
3375.000000	925.000000	-2.071207
3375.000000	975.000000	-3.441086
3375.000000	1025.000000	-5.000000
3375.000000	1075.000000	-6.912785
3375.000000	1125.000000	-7.923969
3375.000000	1175.000000	-8.571774
3375.000000	1225.000000	-9.001426
3375.000000	1275.000000	-9.265127
3375.000000	1325.000000	-9.410740
3375.000000	1375.000000	-9.397606
3375.000000	1425.000000	-9.297987
3375.000000	1475.000000	-8.921089
3375.000000	1525.000000	-8.209525
3375.000000	1575.000000	-6.938658
3375.000000	1625.000000	-5.000000
3375.000000	1675.000000	-3.168191
3375.000000	1725.000000	-1.988838
3375.000000	1775.000000	-1.221566
3375.000000	1825.000000	-0.680804
3375.000000	1875.000000	-0.367598
3375.000000	1925.000000	-0.112251
3375.000000	1975.000000	-0.066229
3425.000000	-1975.000000	10.057653
3425.000000	-1925.000000	10.104020
3425.000000	-1875.000000	10.321116
3425.000000	-1825.000000	10.382332
3425.000000	-1775.000000	10.430497
3425.000000	-1725.000000	10.279280
3425.000000	-1675.000000	10.124781
3425.000000	-1625.000000	9.898825
3425.000000	-1575.000000	9.718724
3425.000000	-1525.000000	9.479153
3425.000000	-1475.000000	9.027995
3425.000000	-1425.000000	8.334095
3425.000000	-1375.000000	7.330868
3425.000000	-1325.000000	6.067506
3425.000000	-1275.000000	5.000000
3425.000000	-1225.000000	2.934063
3425.000000	-1175.000000	2.034881
3425.000000	-1125.000000	1.454430
3425.000000	-1075.000000	0.919605
3425.000000	-1025.000000	0.479693
3425.000000	-975.000000	0.083054
3425.000000	-925.000000	-0.278498
3425.000000	-875.000000	-0.656357
3425.000000	-825.000000	-1.034431
3425.000000	-775.000000	-1.281939
3425.000000	-725.000000	-1.423441
3425.000000	-675.000000	-1.438465
3425.000000	-625.000000	-1.414393
3425.000000	-575.000000	-1.305584
3425.000000	-525.000000	-1.183394
3425.000000	-475.000000	-1.012794
3425.000000	-425.000000	-0.866732
3425.000000	-375.000000	-0.667924
3425.000000	-325.000000	-0.500383
3425.000000	-275.000000	-0.298428
3425.000000	-225.000000	-0.142742
3425.000000	-175.000000	0.040005
3425.000000	-125.000000	0.227029
3425.000000	-75.000000	0.458031
3425.000000	-25.000000	0.677018
3425.000000	25.000000	0.940739
3425.000000	75.000000	1.210257
3425.000000	125.000000	1.484383
3425.000000	175.000000	1.771128
3425.000000	225.000000	2.019698
3425.000000	275.000000	2.256006
3425.000000	325.000000	2.378536
3425.000000	375.000000	2.458801
3425.000000	425.000000	2.392119
3425.000000	475.000000	2.264223
3425.000000	525.000000	1.947888
3425.000000	575.000000	1.578829
3425.000000	625.000000	1.070540
3425.000000	675.000000	0.558486
3425.000000	725.000000	-0.023143
3425.000000	775.000000	-0.681945
3425.000000	825.000000	-1.547616
3425.000000	875.000000	-2.656298
3425.000000	925.000000	-4.249279
3425.000000	975.000000	-5.000000
3425.000000	1025.000000	-7.368891
3425.000000	1075.000000	-8.225490
3425.000000	1125.000000	-8.862144
3425.000000	1175.000000	-9.276139
3425.000000	1225.000000	-9.571848
3425.000000	1275.000000	-9.770995
3425.000000	1325.000000	-9.873476
3425.000000	1375.000000	-9.822748
3425.000000	1425.000000	-9.664422
3425.000000	1475.000000	-9.250068
3425.000000	1525.000000	-8.641683
3425.000000	1575.000000	-7.742207
3425.000000	1625.000000	-6.787466
3425.000000	1675.000000	-5.000000
3425.000000	1725.000000	-4.277334
3425.000000	1775.000000	-3.281140
3425.000000	1825.000000	-2.611922
3425.000000	1875.000000	-2.199805
3425.000000	1925.000000	-1.894126
3425.000000	1975.000000	-1.845985
3475.000000	-1975.000000	8.837904
3475.000000	-1925.000000	8.880141
3475.000000	-1875.000000	9.229517
3475.000000	-1825.000000	9.375128
3475.000000	-1775.000000	9.707263
3475.000000	-1725.000000	9.812295
3475.000000	-1675.000000	9.966714
3475.000000	-1625.000000	9.965897
3475.000000	-1575.000000	9.949068
3475.000000	-1525.000000	9.902964
3475.000000	-1475.000000	9.756695
3475.000000	-1425.000000	9.422869
3475.000000	-1375.000000	8.824087
3475.000000	-1325.000000	7.908612
3475.000000	-1275.000000	6.412789
3475.000000	-1225.000000	5.000000
3475.000000	-1175.000000	2.727835
3475.000000	-1125.000000	1.636512
3475.000000	-1075.000000	0.870990
3475.000000	-1025.000000	0.202552
3475.000000	-975.000000	-0.332161
3475.000000	-925.000000	-1.074295
3475.000000	-875.000000	-1.787305
3475.000000	-825.000000	-2.625747
3475.000000	-775.000000	-3.220911
3475.000000	-725.000000	-3.735508
3475.000000	-675.000000	-3.997545
3475.000000	-625.000000	-4.015158
3475.000000	-575.000000	-3.857076
3475.000000	-525.000000	-3.527093
3475.000000	-475.000000	-3.144473
3475.000000	-425.000000	-2.714980
3475.000000	-375.000000	-2.302022
3475.000000	-325.000000	-1.882187
3475.000000	-275.000000	-1.507304
3475.000000	-225.000000	-1.152826
3475.000000	-175.000000	-0.847423
3475.000000	-125.000000	-0.534728
3475.000000	-75.000000	-0.267678
3475.000000	-25.000000	-0.037926
3475.000000	25.000000	0.186029
3475.000000	75.000000	0.412832
3475.000000	125.000000	0.634609
3475.000000	175.000000	0.858958
3475.000000	225.000000	1.058237
3475.000000	275.000000	1.203723
3475.000000	325.000000	1.279791
3475.000000	375.000000	1.271551
3475.000000	425.000000	1.171122
3475.000000	475.000000	0.998977
3475.000000	525.000000	0.723405
3475.000000	575.000000	0.395306
3475.000000	625.000000	0.019930
3475.000000	675.000000	-0.399116
3475.000000	725.000000	-0.977746
3475.000000	775.000000	-1.712375
3475.000000	825.000000	-2.751840
3475.000000	875.000000	-4.082416
3475.000000	925.000000	-5.000000
3475.000000	975.000000	-7.135807
3475.000000	1025.000000	-8.071612
3475.000000	1075.000000	-8.710118
3475.000000	1125.000000	-9.206547
3475.000000	1175.000000	-9.546241
3475.000000	1225.000000	-9.809887
3475.000000	1275.000000	-9.983727
3475.000000	1325.000000	-10.061800
3475.000000	1375.000000	-9.997685
3475.000000	1425.000000	-9.813130
3475.000000	1475.000000	-9.469868
3475.000000	1525.000000	-9.082717
3475.000000	1575.000000	-8.647812
3475.000000	1625.000000	-8.295481
3475.000000	1675.000000	-7.885759
3475.000000	1725.000000	-7.542671
3475.000000	1775.000000	-7.127783
3475.000000	1825.000000	-5.000000
3475.000000	1875.000000	-5.000000
3475.000000	1925.000000	-5.000000
3475.000000	1975.000000	-5.000000
3525.000000	-1975.000000	6.649084
3525.000000	-1925.000000	6.756213
3525.000000	-1875.000000	7.411630
3525.000000	-1825.000000	7.856945
3525.000000	-1775.000000	8.493931
3525.000000	-1725.000000	8.946447
3525.000000	-1675.000000	9.395734
3525.000000	-1625.000000	9.729460
3525.000000	-1575.000000	9.906990
3525.000000	-1525.000000	9.994146
3525.000000	-1475.000000	9.988520
3525.000000	-1425.000000	9.895839
3525.000000	-1375.000000	9.609301
3525.000000	-1325.000000	9.104050
3525.000000	-1275.000000	8.153078
3525.000000	-1225.000000	6.595702
3525.000000	-1175.000000	5.000000
3525.000000	-1125.000000	2.456925
3525.000000	-1075.000000	1.116193
3525.000000	-1025.000000	0.251638
3525.000000	-975.000000	-0.596354
3525.000000	-925.000000	-1.390301
3525.000000	-875.000000	-2.397745
3525.000000	-825.000000	-3.355359
3525.000000	-775.000000	-4.667078
3525.000000	-725.000000	-5.000000
3525.000000	-675.000000	-6.446139
3525.000000	-625.000000	-6.732737
3525.000000	-575.000000	-6.834931
3525.000000	-525.000000	-6.705537
3525.000000	-475.000000	-5.000000
3525.000000	-425.000000	-5.000000
3525.000000	-375.000000	-5.000000
3525.000000	-325.000000	-4.416142
3525.000000	-275.000000	-3.595677
3525.000000	-225.000000	-2.922688
3525.000000	-175.000000	-2.320185
3525.000000	-125.000000	-1.804620
3525.000000	-75.000000	-1.365926
3525.000000	-25.000000	-1.015097
3525.000000	25.000000	-0.700485
3525.000000	75.000000	-0.437955
3525.000000	125.000000	-0.228407
3525.000000	175.000000	-0.054563
3525.000000	225.000000	0.077325
3525.000000	275.000000	0.176133
3525.000000	325.000000	0.224142
3525.000000	375.000000	0.240860
3525.000000	425.000000	0.183966
3525.000000	475.000000	0.097279
3525.000000	525.000000	-0.089438
3525.000000	575.000000	-0.322818
3525.000000	625.000000	-0.672275
3525.000000	675.000000	-1.115559
3525.000000	725.000000	-1.754568
3525.000000	775.000000	-2.579789
3525.000000	825.000000	-3.719342
3525.000000	875.000000	-5.000000
3525.000000	925.000000	-6.566359
3525.000000	975.000000	-7.551004
3525.000000	1025.000000	-8.323113
3525.000000	1075.000000	-8.878337
3525.000000	1125.000000	-9.321004
3525.000000	1175.000000	-9.625455
3525.000000	1225.000000	-9.824022
3525.000000	1275.000000	-9.915142
3525.000000	1325.000000	-9.968925
3525.000000	1375.000000	-9.917247
3525.000000	1425.000000	-9.825430
3525.000000	1475.000000	-9.664765
3525.000000	1525.000000	-9.566150
3525.000000	1575.000000	-9.454857
3525.000000	1625.000000	-9.433176
3525.000000	1675.000000	-9.344860
3525.000000	1725.000000	-9.293528
3525.000000	1775.000000	-9.158490
3525.000000	1825.000000	-9.021558
3525.000000	1875.000000	-8.848499
3525.000000	1925.000000	-8.691780
3525.000000	1975.000000	-8.654846
3575.000000	-1975.000000	3.226709
3575.000000	-1925.000000	5.000000
3575.000000	-1875.000000	5.000000
3575.000000	-1825.000000	5.515970
3575.000000	-1775.000000	6.888089
3575.000000	-1725.000000	7.774641
3575.000000	-1675.000000	8.538024
3575.000000	-1625.000000	9.159978
3575.000000	-1575.000000	9.591235
3575.000000	-1525.000000	9.842567
3575.000000	-1475.000000	9.929457
3575.000000	-1425.000000	9.964106
3575.000000	-1375.000000	9.853330
3575.000000	-1325.000000	9.594320
3575.000000	-1275.000000	9.044696
3575.000000	-1225.000000	8.143526
3575.000000	-1175.000000	6.377293
3575.000000	-1125.000000	5.000000
3575.000000	-1075.000000	1.890933
3575.000000	-1025.000000	0.724702
3575.000000	-975.000000	-0.014739
3575.000000	-925.000000	-0.759793
3575.000000	-875.000000	-1.574110
3575.000000	-825.000000	-2.784215
3575.000000	-775.000000	-4.136984
3575.000000	-725.000000	-5.000000
3575.000000	-675.000000	-6.712869
3575.000000	-625.000000	-7.303269
3575.000000	-575.000000	-7.550982
3575.000000	-525.000000	-7.594055
3575.000000	-475.000000	-7.439471
3575.000000	-425.000000	-7.150561
3575.000000	-375.000000	-6.702662
3575.000000	-325.000000	-6.098871
3575.000000	-275.000000	-5.000000
3575.000000	-225.000000	-4.351877
3575.000000	-175.000000	-3.533761
3575.000000	-125.000000	-2.810395
3575.000000	-75.000000	-2.230509
3575.000000	-25.000000	-1.760943
3575.000000	25.000000	-1.353248
3575.000000	75.000000	-1.029871
3575.000000	125.000000	-0.752544
3575.000000	175.000000	-0.567518
3575.000000	225.000000	-0.405030
3575.000000	275.000000	-0.318219
3575.000000	325.000000	-0.262892
3575.000000	375.000000	-0.260406
3575.000000	425.000000	-0.311216
3575.000000	475.000000	-0.387789
3575.000000	525.000000	-0.539552
3575.000000	575.000000	-0.735133
3575.000000	625.000000	-1.039593
3575.000000	675.000000	-1.438964
3575.000000	725.000000	-2.011258
3575.000000	775.000000	-2.647611
3575.000000	825.000000	-3.583586
3575.000000	875.000000	-4.724306
3575.000000	925.000000	-6.068207
3575.000000	975.000000	-7.037322
3575.000000	1025.000000	-7.855542
3575.000000	1075.000000	-8.438210
3575.000000	1125.000000	-8.905397
3575.000000	1175.000000	-9.197840
3575.000000	1225.000000	-9.361250
3575.000000	1275.000000	-9.462553
3575.000000	1325.000000	-9.589905
3575.000000	1375.000000	-9.718886
3575.000000	1425.000000	-9.817360
3575.000000	1475.000000	-9.899185
3575.000000	1525.000000	-10.005081
3575.000000	1575.000000	-10.108882
3575.000000	1625.000000	-10.237846
3575.000000	1675.000000	-10.290782
3575.000000	1725.000000	-10.330229
3575.000000	1775.000000	-10.275148
3575.000000	1825.000000	-10.250924
3575.000000	1875.000000	-10.201259
3575.000000	1925.000000	-10.183453
3575.000000	1975.000000	-10.201544
3625.000000	-1975.000000	1.266049
3625.000000	-1925.000000	1.391154
3625.000000	-1875.000000	1.920340
3625.000000	-1825.000000	2.663169
3625.000000	-1775.000000	5.000000
3625.000000	-1725.000000	5.862709
3625.000000	-1675.000000	7.173212
3625.000000	-1625.000000	8.148597
3625.000000	-1575.000000	8.828474
3625.000000	-1525.000000	9.366430
3625.000000	-1475.000000	9.659045
3625.000000	-1425.000000	9.773824
3625.000000	-1375.000000	9.748507
3625.000000	-1325.000000	9.606203
3625.000000	-1275.000000	9.287313
3625.000000	-1225.000000	8.624059
3625.000000	-1175.000000	7.422567
3625.000000	-1125.000000	5.818176
3625.000000	-1075.000000	3.589546
3625.000000	-1025.000000	2.029877
3625.000000	-975.000000	0.744673
3625.000000	-925.000000	0.035469
3625.000000	-875.000000	-0.778881
3625.000000	-825.000000	-1.649207
3625.000000	-775.000000	-3.201839
3625.000000	-725.000000	-4.925056
3625.000000	-675.000000	-6.453135
3625.000000	-625.000000	-7.112199
3625.000000	-575.000000	-7.512487
3625.000000	-525.000000	-7.596270
3625.000000	-475.000000	-7.559437
3625.000000	-425.000000	-7.326511
3625.000000	-375.000000	-6.973598
3625.000000	-325.000000	-6.473426
3625.000000	-275.000000	-5.825110
3625.000000	-225.000000	-5.000000
3625.000000	-175.000000	-4.107316
3625.000000	-125.000000	-3.335105
3625.000000	-75.000000	-2.680865
3625.000000	-25.000000	-2.153922
3625.000000	25.000000	-1.694830
3625.000000	75.000000	-1.325903
3625.000000	125.000000	-0.999212
3625.000000	175.000000	-0.781056
3625.000000	225.000000	-0.607017
3625.000000	275.000000	-0.462093
3625.000000	325.000000	-0.394212
3625.000000	375.000000	-0.372560
3625.000000	425.000000	-0.403957
3625.000000	475.000000	-0.450707
3625.000000	525.000000	-0.575614
3625.000000	575.000000	-0.723142
3625.000000	625.000000	-0.956809
3625.000000	675.000000	-1.242173
3625.000000	725.000000	-1.646663
3625.000000	775.000000	-2.125469
3625.000000	825.000000	-2.797048
3625.000000	875.000000	-3.583225
3625.000000	925.000000	-4.636299
3625.000000	975.000000	-5.000000
3625.000000	1025.000000	-6.669620
3625.000000	1075.000000	-7.349946
3625.000000	1125.000000	-7.914108
3625.000000	1175.000000	-8.278144
3625.000000	1225.000000	-8.589171
3625.000000	1275.000000	-8.924514
3625.000000	1325.000000	-9.292844
3625.000000	1375.000000	-9.622083
3625.000000	1425.000000	-9.911800
3625.000000	1475.000000	-10.171602
3625.000000	1525.000000	-10.490614
3625.000000	1575.000000	-10.773890
3625.000000	1625.000000	-11.075357
3625.000000	1675.000000	-11.283090
3625.000000	1725.000000	-11.533751
3625.000000	1775.000000	-11.711078
3625.000000	1825.000000	-12.012271
3625.000000	1875.000000	-12.198039
3625.000000	1925.000000	-12.456044
3625.000000	1975.000000	-12.521105
3675.000000	-1975.000000	0.326098
3675.000000	-1925.000000	0.400341
3675.000000	-1875.000000	0.711617
3675.000000	-1825.000000	1.145933
3675.000000	-1775.000000	1.904460
3675.000000	-1725.000000	3.193640
3675.000000	-1675.000000	5.000000
3675.000000	-1625.000000	6.585122
3675.000000	-1575.000000	7.550599
3675.000000	-1525.000000	8.430173
3675.000000	-1475.000000	9.086703
3675.000000	-1425.000000	9.485298
3675.000000	-1375.000000	9.525727
3675.000000	-1325.000000	9.434936
3675.000000	-1275.000000	9.066216
3675.000000	-1225.000000	8.684729
3675.000000	-1175.000000	8.289078
3675.000000	-1125.000000	7.610176
3675.000000	-1075.000000	6.032194
3675.000000	-1025.000000	3.695711
3675.000000	-975.000000	1.871972
3675.000000	-925.000000	0.682230
3675.000000	-875.000000	-0.030711
3675.000000	-825.000000	-0.798672
3675.000000	-775.000000	-1.653206
3675.000000	-725.000000	-2.773213
3675.000000	-675.000000	-3.765637
3675.000000	-625.000000	-4.855328
3675.000000	-575.000000	-5.000000
3675.000000	-525.000000	-5.000000
3675.000000	-475.000000	-5.000000
3675.000000	-425.000000	-6.180529
3675.000000	-375.000000	-5.957190
3675.000000	-325.000000	-5.000000
3675.000000	-275.000000	-5.000000
3675.000000	-225.000000	-4.451851
3675.000000	-175.000000	-3.774977
3675.000000	-125.000000	-3.194350
3675.000000	-75.000000	-2.603607
3675.000000	-25.000000	-2.131142
3675.000000	25.000000	-1.692727
3675.000000	75.000000	-1.348713
3675.000000	125.000000	-1.010537
3675.000000	175.000000	-0.768540
3675.000000	225.000000	-0.566139
3675.000000	275.000000	-0.413988
3675.000000	325.000000	-0.275937
3675.000000	375.000000	-0.195268
3675.000000	425.000000	-0.158378
3675.000000	475.000000	-0.136855
3675.000000	525.000000	-0.164364
3675.000000	575.000000	-0.216268
3675.000000	625.000000	-0.337696
3675.000000	675.000000	-0.472482
3675.000000	725.000000	-0.682866
3675.000000	775.000000	-0.929892
3675.000000	825.000000	-1.347783
3675.000000	875.000000	-1.794505
3675.000000	925.000000	-2.378674
3675.000000	975.000000	-2.975247
3675.000000	1025.000000	-3.808482
3675.000000	1075.000000	-4.704373
3675.000000	1125.000000	-5.000000
3675.000000	1175.000000	-6.557843
3675.000000	1225.000000	-7.436119
3675.000000	1275.000000	-8.265860
3675.000000	1325.000000	-8.981250
3675.000000	1375.000000	-9.539388
3675.000000	1425.000000	-9.991007
3675.000000	1475.000000	-10.435229
3675.000000	1525.000000	-10.934812
3675.000000	1575.000000	-11.459063
3675.000000	1625.000000	-12.026530
3675.000000	1675.000000	-12.661853
3675.000000	1725.000000	-13.566628
3675.000000	1775.000000	-14.543286
3675.000000	1825.000000	-15.000000
3675.000000	1875.000000	-15.000000
3675.000000	1925.000000	-15.000000
3675.000000	1975.000000	-15.000000
3725.000000	-1975.000000	-0.377630
3725.000000	-1925.000000	-0.296507
3725.000000	-1875.000000	-0.064502
3725.000000	-1825.000000	0.239517
3725.000000	-1775.000000	0.653218
3725.000000	-1725.000000	1.401406
3725.000000	-1675.000000	2.492882
3725.000000	-1625.000000	5.000000
3725.000000	-1575.000000	5.529608
3725.000000	-1525.000000	6.804170
3725.000000	-1475.000000	7.960225
3725.000000	-1425.000000	8.812155
3725.000000	-1375.000000	9.138742
3725.000000	-1325.000000	8.996555
3725.000000	-1275.000000	8.814287
3725.000000	-1225.000000	8.664896
3725.000000	-1175.000000	8.368494
3725.000000	-1125.000000	7.818892
3725.000000	-1075.000000	6.515548
3725.000000	-1025.000000	5.000000
3725.000000	-975.000000	2.582313
3725.000000	-925.000000	1.530466
3725.000000	-875.000000	0.799195
3725.000000	-825.000000	0.376344
3725.000000	-775.000000	-0.256639
3725.000000	-725.000000	-0.801151
3725.000000	-675.000000	-1.475956
3725.000000	-625.000000	-2.069279
3725.000000	-575.000000	-2.746913
3725.000000	-525.000000	-3.262108
3725.000000	-475.000000	-3.728630
3725.000000	-425.000000	-3.965508
3725.000000	-375.000000	-4.059528
3725.000000	-325.000000	-3.932901
3725.000000	-275.000000	-3.704797
3725.000000	-225.000000	-3.358451
3725.000000	-175.000000	-2.978351
3725.000000	-125.000000	-2.567053
3725.000000	-75.000000	-2.132086
3725.000000	-25.000000	-1.735775
3725.000000	25.000000	-1.365166
3725.000000	75.000000	-1.041365
3725.000000	125.000000	-0.742156
3725.000000	175.000000	-0.470722
3725.000000	225.000000	-0.263350
3725.000000	275.000000	-0.070514
3725.000000	325.000000	0.095164
3725.000000	375.000000	0.245060
3725.000000	425.000000	0.346998
3725.000000	475.000000	0.425458
3725.000000	525.000000	0.464479
3725.000000	575.000000	0.507469
3725.000000	625.000000	0.464990
3725.000000	675.000000	0.385043
3725.000000	725.000000	0.156558
3725.000000	775.000000	-0.075761
3725.000000	825.000000	-0.343034
3725.000000	875.000000	-0.613299
3725.000000	925.000000	-0.962042
3725.000000	975.000000	-1.327814
3725.000000	1025.000000	-1.799408
3725.000000	1075.000000	-2.395389
3725.000000	1125.000000	-3.317222
3725.000000	1175.000000	-4.749110
3725.000000	1225.000000	-6.534272
3725.000000	1275.000000	-7.856793
3725.000000	1325.000000	-8.853437
3725.000000	1375.000000	-9.585407
3725.000000	1425.000000	-10.153652
3725.000000	1475.000000	-10.753740
3725.000000	1525.000000	-11.441461
3725.000000	1575.000000	-12.268671
3725.000000	1625.000000	-13.499213
3725.000000	1675.000000	-15.000000
3725.000000	1725.000000	-16.776011
3725.000000	1775.000000	-17.708974
3725.000000	1825.000000	-18.418455
3725.000000	1875.000000	-18.773160
3725.000000	1925.000000	-19.076070
3725.000000	1975.000000	-19.143767
3775.000000	-1975.000000	-1.157806
3775.000000	-1925.000000	-1.028313
3775.000000	-1875.000000	-0.743677
3775.000000	-1825.000000	-0.380258
3775.000000	-1775.000000	-0.035862
3775.000000	-1725.000000	0.455317
3775.000000	-1675.000000	1.088244
3775.000000	-1625.000000	2.167139
3775.000000	-1575.000000	3.269314
3775.000000	-1525.000000	5.000000
3775.000000	-1475.000000	6.081894
3775.000000	-1425.000000	7.468352
3775.000000	-1375.000000	8.131801
3775.000000	-1325.000000	8.434557
3775.000000	-1275.000000	8.483245
3775.000000	-1225.000000	8.532676
3775.000000	-1175.000000	8.373758
3775.000000	-1125.000000	7.862979
3775.000000	-1075.000000	7.013248
3775.000000	-1025.000000	6.031308
3775.000000	-975.000000	5.000000
3775.000000	-925.000000	3.753561
3775.000000	-875.000000	2.726488
3775.000000	-825.000000	1.726857
3775.000000	-775.000000	1.025114
3775.000000	-725.000000	0.436667
3775.000000	-675.000000	0.057616
3775.000000	-625.000000	-0.340265
3775.000000	-575.000000	-0.658205
3775.000000	-525.000000	-1.007781
3775.000000	-475.000000	-1.247514
3775.000000	-425.000000	-1.479596
3775.000000	-375.000000	-1.573008
3775.000000	-325.000000	-1.642176
3775.000000	-275.000000	-1.581687
3775.000000	-225.000000	-1.503513
3775.000000	-175.000000	-1.337013
3775.000000	-125.000000	-1.160020
3775.000000	-75.000000	-0.933302
3775.000000	-25.000000	-0.698264
3775.000000	25.000000	-0.460596
3775.000000	75.000000	-0.251985
3775.000000	125.000000	-0.033671
3775.000000	175.000000	0.188413
3775.000000	225.000000	0.414471
3775.000000	275.000000	0.650847
3775.000000	325.000000	0.890588
3775.000000	375.000000	1.139208
3775.000000	425.000000	1.334058
3775.000000	475.000000	1.473297
3775.000000	525.000000	1.550218
3775.000000	575.000000	1.586484
3775.000000	625.000000	1.489070
3775.000000	675.000000	1.389512
3775.000000	725.000000	1.133464
3775.000000	775.000000	0.882407
3775.000000	825.000000	0.604180
3775.000000	875.000000	0.351721
3775.000000	925.000000	0.038903
3775.000000	975.000000	-0.257477
3775.000000	1025.000000	-0.605695
3775.000000	1075.000000	-1.090982
3775.000000	1125.000000	-1.974761
3775.000000	1175.000000	-3.293053
3775.000000	1225.000000	-5.000000
3775.000000	1275.000000	-7.327389
3775.000000	1325.000000	-8.615831
3775.000000	1375.000000	-9.522224
3775.000000	1425.000000	-10.170156
3775.000000	1475.000000	-10.871055
3775.000000	1525.000000	-11.812226
3775.000000	1575.000000	-13.289742
3775.000000	1625.000000	-15.000000
3775.000000	1675.000000	-17.365155
3775.000000	1725.000000	-18.482870
3775.000000	1775.000000	-19.159467
3775.000000	1825.000000	-19.648506
3775.000000	1875.000000	-19.910695
3775.000000	1925.000000	-20.165242
3775.000000	1975.000000	-20.227141
3825.000000	-1975.000000	-1.990154
3825.000000	-1925.000000	-1.856829
3825.000000	-1875.000000	-1.481773
3825.000000	-1825.000000	-1.017564
3825.000000	-1775.000000	-0.639139
3825.000000	-1725.000000	-0.128009
3825.000000	-1675.000000	0.284522
3825.000000	-1625.000000	0.977630
3825.000000	-1575.000000	1.804318
3825.000000	-1525.000000	2.738728
3825.000000	-1475.000000	3.659964
3825.000000	-1425.000000	5.000000
3825.000000	-1375.000000	5.995262
3825.000000	-1325.000000	6.820382
3825.000000	-1275.000000	7.484974
3825.000000	-1225.000000	7.819261
3825.000000	-1175.000000	7.749002
3825.000000	-1125.000000	7.634425
3825.000000	-1075.000000	7.427521
3825.000000	-1025.000000	7.170072
3825.000000	-975.000000	6.475370
3825.000000	-925.000000	5.656950
3825.000000	-875.000000	5.000000
3825.000000	-825.000000	3.206323
3825.000000	-775.000000	2.245512
3825.000000	-725.000000	1.623704
3825.000000	-675.000000	1.046795
3825.000000	-625.000000	0.656202
3825.000000	-575.000000	0.329506
3825.000000	-525.000000	0.107071
3825.000000	-475.000000	-0.072294
3825.000000	-425.000000	-0.199130
3825.000000	-375.000000	-0.282029
3825.000000	-325.000000	-0.315871
3825.000000	-275.000000	-0.307453
3825.000000	-225.000000	-0.254068
3825.000000	-175.000000	-0.168094
3825.000000	-125.000000	-0.052744
3825.000000	-75.000000	0.096833
3825.000000	-25.000000	0.282071
3825.000000	25.000000	0.498528
3825.000000	75.000000	0.749271
3825.000000	125.000000	1.036910
3825.000000	175.000000	1.377065
3825.000000	225.000000	1.714617
3825.000000	275.000000	2.057622
3825.000000	325.000000	2.364259
3825.000000	375.000000	2.719962
3825.000000	425.000000	3.011096
3825.000000	475.000000	3.240253
3825.000000	525.000000	3.399334
3825.000000	575.000000	3.518186
3825.000000	625.000000	3.447723
3825.000000	675.000000	3.317337
3825.000000	725.000000	3.031660
3825.000000	775.000000	2.702752
3825.000000	825.000000	2.261916
3825.000000	875.000000	1.800236
3825.000000	925.000000	1.232616
3825.000000	975.000000	0.677365
3825.000000	1025.000000	0.178736
3825.000000	1075.000000	-0.288748
3825.000000	1125.000000	-1.179082
3825.000000	1175.000000	-2.456429
3825.000000	1225.000000	-4.523550
3825.000000	1275.000000	-6.941651
3825.000000	1325.000000	-8.486623
3825.000000	1375.000000	-9.497514
3825.000000	1425.000000	-10.218551
3825.000000	1475.000000	-11.119722
3825.000000	1525.000000	-12.610397
3825.000000	1575.000000	-15.000000
3825.000000	1625.000000	-17.408907
3825.000000	1675.000000	-18.684304
3825.000000	1725.000000	-19.513742
3825.000000	1775.000000	-20.026103
3825.000000	1825.000000	-20.541426
3825.000000	1875.000000	-20.909973
3825.000000	1925.000000	-21.334711
3825.000000	1975.000000	-21.430109
3875.000000	-1975.000000	-2.700649
3875.000000	-1925.000000	-2.599350
3875.000000	-1875.000000	-2.249572
3875.000000	-1825.000000	-1.664536
3875.000000	-1775.000000	-1.194479
3875.000000	-1725.000000	-0.586267
3875.000000	-1675.000000	-0.157379
3875.000000	-1625.000000	0.362710
3875.000000	-1575.000000	0.994274
3875.000000	-1525.000000	1.805008
3875.000000	-1475.000000	2.512871
3875.000000	-1425.000000	3.275956
3875.000000	-1375.000000	5.000000
3875.000000	-1325.000000	5.472487
3875.000000	-1275.000000	6.566396
3875.000000	-1225.000000	7.251629
3875.000000	-1175.000000	7.628608
3875.000000	-1125.000000	7.846026
3875.000000	-1075.000000	7.869854
3875.000000	-1025.000000	7.750310
3875.000000	-975.000000	7.444498
3875.000000	-925.000000	6.935457
3875.000000	-875.000000	6.233877
3875.000000	-825.000000	5.160860
3875.000000	-775.000000	5.000000
3875.000000	-725.000000	3.240187
3875.000000	-675.000000	2.621792
3875.000000	-625.000000	2.062861
3875.000000	-575.000000	1.670791
3875.000000	-525.000000	1.316298
3875.000000	-475.000000	1.074567
3875.000000	-425.000000	0.865467
3875.000000	-375.000000	0.742655
3875.000000	-325.000000	0.646625
3875.000000	-275.000000	0.631160
3875.000000	-225.000000	0.638495
3875.000000	-175.000000	0.712986
3875.000000	-125.000000	0.825735
3875.000000	-75.000000	0.985213
3875.000000	-25.000000	1.222221
3875.000000	25.000000	1.471334
3875.000000	75.000000	1.780607
3875.000000	125.000000	2.142657
3875.000000	175.000000	2.544200
3875.000000	225.000000	2.956256
3875.000000	275.000000	3.400801
3875.000000	325.000000	3.844953
3875.000000	375.000000	5.000000
3875.000000	425.000000	5.000000
3875.000000	475.000000	5.270867
3875.000000	525.000000	5.634020
3875.000000	575.000000	5.962828
3875.000000	625.000000	5.989566
3875.000000	675.000000	5.933012
3875.000000	725.000000	5.607143
3875.000000	775.000000	5.090700
3875.000000	825.000000	5.000000
3875.000000	875.000000	3.383263
3875.000000	925.000000	2.469780
3875.000000	975.000000	1.655366
3875.000000	1025.000000	0.881498
3875.000000	1075.000000	0.304660
3875.000000	1125.000000	-0.584828
3875.000000	1175.000000	-1.725319
3875.000000	1225.000000	-3.520346
3875.000000	1275.000000	-5.000000
3875.000000	1325.000000	-8.115551
3875.000000	1375.000000	-9.322925
3875.000000	1425.000000	-10.162560
3875.000000	1475.000000	-11.319710
3875.000000	1525.000000	-13.310240
3875.000000	1575.000000	-15.000000
3875.000000	1625.000000	-18.184142
3875.000000	1675.000000	-19.270062
3875.000000	1725.000000	-19.974767
3875.000000	1775.000000	-20.552716
3875.000000	1825.000000	-21.227972
3875.000000	1875.000000	-21.764723
3875.000000	1925.000000	-22.377463
3875.000000	1975.000000	-22.503851
3925.000000	-1975.000000	-3.241333
3925.000000	-1925.000000	-3.139657
3925.000000	-1875.000000	-2.876636
3925.000000	-1825.000000	-2.279848
3925.000000	-1775.000000	-1.740537
3925.000000	-1725.000000	-1.007545
3925.000000	-1675.000000	-0.566619
3925.000000	-1625.000000	-0.052827
3925.000000	-1575.000000	0.388143
3925.000000	-1525.000000	1.052493
3925.000000	-1475.000000	1.605858
3925.000000	-1425.000000	2.179964
3925.000000	-1375.000000	2.821690
3925.000000	-1325.000000	3.768552
3925.000000	-1275.000000	5.008075
3925.000000	-1225.000000	6.241413
3925.000000	-1175.000000	6.881342
3925.000000	-1125.000000	7.276020
3925.000000	-1075.000000	7.558959
3925.000000	-1025.000000	7.716386
3925.000000	-975.000000	7.721428
3925.000000	-925.000000	7.593332
3925.000000	-875.000000	7.268415
3925.000000	-825.000000	6.955648
3925.000000	-775.000000	6.500375
3925.000000	-725.000000	5.992895
3925.000000	-675.000000	5.275250
3925.000000	-625.000000	5.000000
3925.000000	-575.000000	3.859673
3925.000000	-525.000000	3.318531
3925.000000	-475.000000	2.883510
3925.000000	-425.000000	2.536808
3925.000000	-375.000000	2.284653
3925.000000	-325.000000	2.098773
3925.000000	-275.000000	1.998650
3925.000000	-225.000000	1.954198
3925.000000	-175.000000	1.973253
3925.000000	-125.000000	2.064338
3925.000000	-75.000000	2.201295
3925.000000	-25.000000	2.446071
3925.000000	25.000000	2.680260
3925.000000	75.000000	3.016108
3925.000000	125.000000	3.481144
3925.000000	175.000000	3.977403
3925.000000	225.000000	4.536097
3925.000000	275.000000	5.267137
3925.000000	325.000000	5.938997
3925.000000	375.000000	6.458608
3925.000000	425.000000	6.862614
3925.000000	475.000000	7.179445
3925.000000	525.000000	7.380170
3925.000000	575.000000	7.585441
3925.000000	625.000000	7.614899
3925.000000	675.000000	7.577355
3925.000000	725.000000	7.349225
3925.000000	775.000000	6.981292
3925.000000	825.000000	6.295357
3925.000000	875.000000	5.283581
3925.000000	925.000000	3.849773
3925.000000	975.000000	2.637131
3925.000000	1025.000000	1.555363
3925.000000	1075.000000	0.744071
3925.000000	1125.000000	-0.067409
3925.000000	1175.000000	-1.107555
3925.000000	1225.000000	-2.708839
3925.000000	1275.000000	-5.000000
3925.000000	1325.000000	-7.858953
3925.000000	1375.000000	-9.254583
3925.000000	1425.000000	-10.260477
3925.000000	1475.000000	-11.736377
3925.000000	1525.000000	-14.323388
3925.000000	1575.000000	-17.239652
3925.000000	1625.000000	-18.801653
3925.000000	1675.000000	-19.710712
3925.000000	1725.000000	-20.423366
3925.000000	1775.000000	-21.170873
3925.000000	1825.000000	-22.094601
3925.000000	1875.000000	-22.851432
3925.000000	1925.000000	-23.725724
3925.000000	1975.000000	-23.918577
3975.000000	-1975.000000	-3.385615
3975.000000	-1925.000000	-3.293263
3975.000000	-1875.000000	-3.036594
3975.000000	-1825.000000	-2.480482
3975.000000	-1775.000000	-1.951646
3975.000000	-1725.000000	-1.150532
3975.000000	-1675.000000	-0.677407
3975.000000	-1625.000000	-0.160008
3975.000000	-1575.000000	0.262673
3975.000000	-1525.000000	0.905074
3975.000000	-1475.000000	1.453156
3975.000000	-1425.000000	2.004446
3975.000000	-1375.000000	2.588032
3975.000000	-1325.000000	3.448184
3975.000000	-1275.000000	5.000000
3975.000000	-1225.000000	5.951279
3975.000000	-1175.000000	6.630070
3975.000000	-1125.000000	7.115126
3975.000000	-1075.000000	7.538291
3975.000000	-1025.000000	7.822416
3975.000000	-975.000000	7.955276
3975.000000	-925.000000	7.909546
3975.000000	-875.000000	7.821375
3975.000000	-825.000000	7.706977
3975.000000	-775.000000	7.432386
3975.000000	-725.000000	7.024804
3975.000000	-675.000000	6.463474
3975.000000	-625.000000	5.774057
3975.000000	-575.000000	5.000000
3975.000000	-525.000000	4.197425
3975.000000	-475.000000	3.593613
3975.000000	-425.000000	3.098645
3975.000000	-375.000000	2.743899
3975.000000	-325.000000	2.467309
3975.000000	-275.000000	2.306339
3975.000000	-225.000000	2.205670
3975.000000	-175.000000	2.179499
3975.000000	-125.000000	2.240503
3975.000000	-75.000000	2.338721
3975.000000	-25.000000	2.591715
3975.000000	25.000000	2.810358
3975.000000	75.000000	3.125625
3975.000000	125.000000	3.647615
3975.000000	175.000000	4.118557
3975.000000	225.000000	5.000000
3975.000000	275.000000	5.412704
3975.000000	325.000000	6.070989
3975.000000	375.000000	6.558870
3975.000000	425.000000	7.072968
3975.000000	475.000000	7.492665
3975.000000	525.000000	7.659308
3975.000000	575.000000	7.842358
3975.000000	625.000000	7.869626
3975.000000	675.000000	7.835975
3975.000000	725.000000	7.619293
3975.000000	775.000000	7.266341
3975.000000	825.000000	6.603349
3975.000000	875.000000	5.637330
3975.000000	925.000000	4.132191
3975.000000	975.000000	2.839063
3975.000000	1025.000000	1.692202
3975.000000	1075.000000	0.833965
3975.000000	1125.000000	0.012660
3975.000000	1175.000000	-0.945714
3975.000000	1225.000000	-2.452880
3975.000000	1275.000000	-5.000000
3975.000000	1325.000000	-7.713359
3975.000000	1375.000000	-9.191364
3975.000000	1425.000000	-10.256474
3975.000000	1475.000000	-11.869981
3975.000000	1525.000000	-14.577140
3975.000000	1575.000000	-17.420516
3975.000000	1625.000000	-18.924492
3975.000000	1675.000000	-19.799336
3975.000000	1725.000000	-20.519752
3975.000000	1775.000000	-21.302016
3975.000000	1825.000000	-22.267808
3975.000000	1875.000000	-23.037491
3975.000000	1925.000000	-23.967297
3975.000000	1975.000000	-24.169985
